{"stats":{"minecraft:killed":{"minecraft:pig":1},"minecraft:used":{"minecraft:pink_petals":4,"minecraft:wooden_sword":5},"minecraft:mined":{"minecraft:short_grass":1,"minecraft:powder_snow":4},"minecraft:killed_by":{"minecraft:player":2},"minecraft:custom":{"minecraft:time_since_rest":6318,"minecraft:open_chest":2,"minecraft:play_time":8774,"minecraft:sprint_one_cm":50274,"minecraft:walk_one_cm":31012,"minecraft:damage_taken":570,"minecraft:deaths":2,"minecraft:mob_kills":1,"minecraft:jump":181,"minecraft:damage_dealt":487,"minecraft:leave_game":1,"minecraft:time_since_death":6269,"minecraft:total_world_time":8774,"minecraft:player_kills":2,"minecraft:fall_one_cm":1983,"minecraft:fly_one_cm":23124},"minecraft:picked_up":{"minecraft:wooden_axe":1,"minecraft:wooden_sword":1,"minecraft:pink_petals":4,"minecraft:dandelion":2,"minecraft:porkchop":3,"minecraft:flint":1,"minecraft:cornflower":1,"minecraft:dirt":3,"minecraft:oxeye_daisy":1}},"DataVersion":3953}