{"stats":{"minecraft:broken":{"minecraft:stone_pickaxe":2},"minecraft:killed":{"minecraft:pig":2},"minecraft:crafted":{"minecraft:cherry_planks":40,"minecraft:wooden_sword":1,"minecraft:cooked_porkchop":3,"minecraft:crafting_table":1,"minecraft:stick":24,"minecraft:wooden_pickaxe":1,"minecraft:stone_pickaxe":3,"minecraft:stone_sword":1,"minecraft:furnace":1,"minecraft:torch":84,"minecraft:stone_axe":1},"minecraft:used":{"minecraft:apple":1,"minecraft:stone_sword":10,"minecraft:stone_pickaxe":326,"minecraft:wooden_pickaxe":20,"minecraft:torch":55,"minecraft:stone_axe":87,"minecraft:cobblestone":11,"minecraft:crafting_table":5,"minecraft:furnace":2,"minecraft:cooked_porkchop":2},"minecraft:mined":{"minecraft:furnace":2,"minecraft:cherry_log":10,"minecraft:crafting_table":5,"minecraft:short_grass":8,"minecraft:coal_ore":218,"minecraft:grass_block":4,"minecraft:oak_log":70,"minecraft:cherry_leaves":2,"minecraft:stone":125,"minecraft:oak_leaves":16,"minecraft:wall_torch":2},"minecraft:picked_up":{"minecraft:stick":13,"minecraft:crafting_table":5,"minecraft:cherry_planks":26,"minecraft:torch":4,"minecraft:porkchop":3,"minecraft:oak_log":69,"minecraft:cherry_log":10,"minecraft:dirt":4,"minecraft:apple":1,"minecraft:oak_sapling":3,"minecraft:coal":227,"minecraft:cobblestone":123,"minecraft:furnace":2},"minecraft:custom":{"minecraft:time_since_rest":38053,"minecraft:interact_with_furnace":5,"minecraft:sprint_one_cm":29209,"minecraft:damage_taken":250,"minecraft:walk_one_cm":173952,"minecraft:mob_kills":2,"minecraft:damage_dealt":250,"minecraft:interact_with_crafting_table":5,"minecraft:fly_one_cm":9922,"minecraft:crouch_one_cm":2106,"minecraft:play_time":38053,"minecraft:sneak_time":1639,"minecraft:jump":387,"minecraft:walk_on_water_one_cm":423,"minecraft:time_since_death":38053,"minecraft:total_world_time":38053,"minecraft:fall_one_cm":3527}},"DataVersion":3953}