{"stats":{"minecraft:used":{"minecraft:stone_axe":1,"minecraft:cherry_sapling":1,"minecraft:stone_sword":4,"minecraft:crafting_table":2,"minecraft:stone_pickaxe":48,"minecraft:wooden_pickaxe":14,"minecraft:cherry_log":1},"minecraft:killed":{"minecraft:sheep":1},"minecraft:mined":{"minecraft:short_grass":1,"minecraft:coal_ore":11,"minecraft:cherry_leaves":1,"minecraft:dirt":1,"minecraft:cherry_log":7,"minecraft:stone":50,"minecraft:crafting_table":2},"minecraft:crafted":{"minecraft:stone_sword":1,"minecraft:cherry_planks":24,"minecraft:stone_axe":1,"minecraft:crafting_table":1,"minecraft:stick":8,"minecraft:stone_pickaxe":1,"minecraft:wooden_pickaxe":1},"minecraft:custom":{"minecraft:time_since_rest":8965,"minecraft:play_time":8965,"minecraft:sprint_one_cm":9588,"minecraft:damage_taken":240,"minecraft:walk_one_cm":21473,"minecraft:mob_kills":1,"minecraft:jump":117,"minecraft:damage_dealt":99,"minecraft:time_since_death":8965,"minecraft:total_world_time":8965,"minecraft:fall_one_cm":2119,"minecraft:interact_with_crafting_table":5,"minecraft:fly_one_cm":13474},"minecraft:picked_up":{"minecraft:crafting_table":2,"minecraft:cherry_sapling":1,"minecraft:cherry_log":7,"minecraft:white_wool":1,"minecraft:coal":11,"minecraft:dirt":1,"minecraft:cobblestone":50}},"DataVersion":3953}