{"stats":{"minecraft:killed":{"minecraft:pig":1,"minecraft:salmon":2,"minecraft:sheep":7,"minecraft:zombie":3,"minecraft:chicken":1,"minecraft:cow":7},"minecraft:crafted":{"minecraft:cherry_planks":16,"minecraft:wooden_sword":1,"minecraft:oak_planks":48,"minecraft:stone_shovel":1,"minecraft:crafting_table":2,"minecraft:wooden_pickaxe":2,"minecraft:furnace":2,"minecraft:cherry_boat":1,"minecraft:stone_axe":2,"minecraft:cooked_mutton":6,"minecraft:shield":1,"minecraft:stick":16,"minecraft:iron_ingot":1,"minecraft:stone_pickaxe":2,"minecraft:chest":2},"minecraft:used":{"minecraft:cherry_boat":2,"minecraft:cooked_mutton":3,"minecraft:stone_shovel":32,"minecraft:stone_pickaxe":73,"minecraft:oak_planks":11,"minecraft:shield":3,"minecraft:chest":2,"minecraft:wooden_pickaxe":51,"minecraft:rotten_flesh":2,"minecraft:salmon":1,"minecraft:dirt":1,"minecraft:mutton":7,"minecraft:crafting_table":13,"minecraft:blast_furnace":1,"minecraft:white_bed":5,"minecraft:stone_axe":97,"minecraft:wooden_sword":31,"minecraft:cobblestone":18,"minecraft:furnace":2,"minecraft:cherry_log":1},"minecraft:killed_by":{"minecraft:zombie":3},"minecraft:mined":{"minecraft:white_bed":6,"minecraft:snow_block":11,"minecraft:cherry_log":5,"minecraft:dandelion":1,"minecraft:powder_snow":46,"minecraft:crafting_table":14,"minecraft:short_grass":8,"minecraft:blast_furnace":2,"minecraft:grass_block":4,"minecraft:chest":1,"minecraft:tall_grass":1,"minecraft:cobblestone":1,"minecraft:oak_planks":1,"minecraft:sugar_cane":2,"minecraft:large_fern":1,"minecraft:pink_petals":2,"minecraft:furnace":2,"minecraft:iron_ore":6,"minecraft:snow":1,"minecraft:pumpkin":1,"minecraft:coal_ore":16,"minecraft:oak_log":24,"minecraft:dirt":6,"minecraft:stone":74,"minecraft:oak_leaves":8},"minecraft:custom":{"minecraft:interact_with_furnace":4,"minecraft:mob_kills":21,"minecraft:interact_with_crafting_table":16,"minecraft:leave_game":6,"minecraft:time_since_death":2230,"minecraft:sleep_in_bed":5,"minecraft:time_since_rest":945,"minecraft:sprint_one_cm":94867,"minecraft:damage_taken":1144,"minecraft:walk_one_cm":185536,"minecraft:damage_blocked_by_shield":93,"minecraft:damage_dealt":2365,"minecraft:swim_one_cm":76109,"minecraft:fly_one_cm":17880,"minecraft:open_chest":4,"minecraft:crouch_one_cm":1283,"minecraft:play_time":56126,"minecraft:deaths":3,"minecraft:sneak_time":377,"minecraft:walk_under_water_one_cm":4231,"minecraft:boat_one_cm":24354,"minecraft:jump":537,"minecraft:interact_with_blast_furnace":3,"minecraft:walk_on_water_one_cm":31537,"minecraft:total_world_time":56126,"minecraft:fall_one_cm":7593},"minecraft:picked_up":{"minecraft:pink_petals":8,"minecraft:crafting_table":17,"minecraft:feather":2,"minecraft:chicken":2,"minecraft:cherry_planks":7,"minecraft:salmon":1,"minecraft:leather":12,"minecraft:brown_wool":4,"minecraft:wooden_pickaxe":3,"minecraft:oak_log":36,"minecraft:shield":1,"minecraft:dirt":16,"minecraft:wooden_sword":2,"minecraft:cooked_mutton":3,"minecraft:cherry_boat":1,"minecraft:wheat_seeds":1,"minecraft:stone_pickaxe":1,"minecraft:beef":24,"minecraft:light_gray_wool":2,"minecraft:sugar_cane":2,"minecraft:chest":1,"minecraft:oak_planks":23,"minecraft:furnace":3,"minecraft:stick":1,"minecraft:raw_iron":6,"minecraft:pumpkin":2,"minecraft:dandelion":1,"minecraft:porkchop":4,"minecraft:cherry_log":5,"minecraft:blast_furnace":3,"minecraft:white_bed":6,"minecraft:rotten_flesh":7,"minecraft:stone_axe":1,"minecraft:gray_wool":2,"minecraft:mutton":26,"minecraft:coal":34,"minecraft:snowball":29,"minecraft:white_wool":13,"minecraft:cobblestone":83}},"DataVersion":3953}