{"stats":{"minecraft:killed":{"minecraft:sheep":1},"minecraft:crafted":{"minecraft:cherry_planks":16,"minecraft:oak_planks":20,"minecraft:crafting_table":1,"minecraft:stick":8,"minecraft:wooden_pickaxe":1,"minecraft:stone_pickaxe":1,"minecraft:chest":1,"minecraft:furnace":1,"minecraft:stone_axe":1},"minecraft:used":{"minecraft:stone_pickaxe":30,"minecraft:chest":1,"minecraft:wooden_pickaxe":32,"minecraft:stone_axe":14,"minecraft:mutton":2,"minecraft:crafting_table":4},"minecraft:mined":{"minecraft:pink_petals":1,"minecraft:iron_ore":5,"minecraft:cherry_log":4,"minecraft:powder_snow":21,"minecraft:crafting_table":4,"minecraft:short_grass":3,"minecraft:oak_log":5,"minecraft:coal_ore":3,"minecraft:chest":1,"minecraft:stone":32,"minecraft:oak_leaves":2},"minecraft:picked_up":{"minecraft:raw_iron":5,"minecraft:crafting_table":4,"minecraft:cherry_planks":7,"minecraft:wooden_pickaxe":1,"minecraft:oak_log":5,"minecraft:cherry_log":4,"minecraft:gray_wool":2,"minecraft:chest":1,"minecraft:mutton":4,"minecraft:oak_planks":12,"minecraft:coal":3,"minecraft:cobblestone":35},"minecraft:custom":{"minecraft:time_since_rest":13265,"minecraft:sprint_one_cm":8075,"minecraft:damage_taken":210,"minecraft:walk_one_cm":34214,"minecraft:mob_kills":1,"minecraft:damage_dealt":80,"minecraft:interact_with_crafting_table":6,"minecraft:fly_one_cm":1835,"minecraft:open_chest":2,"minecraft:play_time":13265,"minecraft:jump":124,"minecraft:leave_game":4,"minecraft:time_since_death":13265,"minecraft:total_world_time":13265,"minecraft:fall_one_cm":954}},"DataVersion":3953}