{"stats":{"minecraft:killed":{"minecraft:salmon":2,"minecraft:sheep":7,"minecraft:zombie":2,"minecraft:chicken":1},"minecraft:crafted":{"minecraft:cherry_planks":16,"minecraft:wooden_sword":1,"minecraft:oak_planks":48,"minecraft:stone_shovel":1,"minecraft:crafting_table":2,"minecraft:wooden_pickaxe":2,"minecraft:furnace":1,"minecraft:cherry_boat":1,"minecraft:stone_axe":2,"minecraft:stick":16,"minecraft:stone_pickaxe":2,"minecraft:chest":2},"minecraft:used":{"minecraft:cherry_boat":2,"minecraft:stone_shovel":32,"minecraft:stone_pickaxe":68,"minecraft:oak_planks":11,"minecraft:chest":2,"minecraft:wooden_pickaxe":51,"minecraft:dirt":1,"minecraft:mutton":2,"minecraft:crafting_table":9,"minecraft:white_bed":2,"minecraft:stone_axe":47,"minecraft:wooden_sword":31,"minecraft:cobblestone":18,"minecraft:cherry_log":1},"minecraft:killed_by":{"minecraft:zombie":2},"minecraft:mined":{"minecraft:white_bed":3,"minecraft:snow_block":11,"minecraft:cherry_log":5,"minecraft:dandelion":1,"minecraft:powder_snow":46,"minecraft:crafting_table":10,"minecraft:short_grass":3,"minecraft:grass_block":4,"minecraft:chest":1,"minecraft:oak_planks":1,"minecraft:sugar_cane":1,"minecraft:large_fern":1,"minecraft:pink_petals":2,"minecraft:iron_ore":6,"minecraft:snow":1,"minecraft:coal_ore":16,"minecraft:oak_log":24,"minecraft:dirt":6,"minecraft:stone":74,"minecraft:oak_leaves":2},"minecraft:custom":{"minecraft:mob_kills":12,"minecraft:interact_with_crafting_table":12,"minecraft:leave_game":5,"minecraft:time_since_death":13709,"minecraft:sleep_in_bed":2,"minecraft:time_since_rest":1692,"minecraft:sprint_one_cm":65155,"minecraft:damage_taken":645,"minecraft:walk_one_cm":118811,"minecraft:damage_dealt":1183,"minecraft:swim_one_cm":74775,"minecraft:fly_one_cm":10672,"minecraft:open_chest":4,"minecraft:play_time":40383,"minecraft:deaths":2,"minecraft:sneak_time":25,"minecraft:walk_under_water_one_cm":4129,"minecraft:boat_one_cm":24354,"minecraft:jump":395,"minecraft:walk_on_water_one_cm":25633,"minecraft:total_world_time":40383,"minecraft:fall_one_cm":5456},"minecraft:picked_up":{"minecraft:pink_petals":8,"minecraft:crafting_table":12,"minecraft:feather":2,"minecraft:chicken":1,"minecraft:cherry_planks":7,"minecraft:salmon":1,"minecraft:brown_wool":1,"minecraft:wooden_pickaxe":2,"minecraft:oak_log":24,"minecraft:dirt":16,"minecraft:wooden_sword":1,"minecraft:cherry_boat":1,"minecraft:sugar_cane":2,"minecraft:chest":1,"minecraft:oak_planks":22,"minecraft:stick":1,"minecraft:raw_iron":6,"minecraft:dandelion":1,"minecraft:cherry_log":5,"minecraft:white_bed":3,"minecraft:rotten_flesh":3,"minecraft:gray_wool":2,"minecraft:mutton":20,"minecraft:coal":16,"minecraft:snowball":29,"minecraft:white_wool":8,"minecraft:cobblestone":82}},"DataVersion":3953}