{"stats":{"minecraft:used":{"minecraft:cherry_sapling":1,"minecraft:stone_sword":5,"minecraft:stone_pickaxe":52,"minecraft:wooden_pickaxe":15,"minecraft:stone_axe":1,"minecraft:white_wool":1,"minecraft:mutton":2,"minecraft:wooden_sword":3,"minecraft:dirt":8,"minecraft:cobblestone":15,"minecraft:beef":2,"minecraft:crafting_table":3,"minecraft:cherry_log":1},"minecraft:killed":{"minecraft:sheep":2,"minecraft:zombie":1,"minecraft:cow":1},"minecraft:mined":{"minecraft:iron_ore":2,"minecraft:cherry_log":7,"minecraft:powder_snow":1,"minecraft:torch":2,"minecraft:crafting_table":2,"minecraft:short_grass":4,"minecraft:grass_block":7,"minecraft:oak_log":7,"minecraft:coal_ore":11,"minecraft:sunflower":1,"minecraft:cherry_leaves":1,"minecraft:dirt":9,"minecraft:cobblestone":1,"minecraft:stone":52,"minecraft:oak_leaves":14},"minecraft:dropped":{"minecraft:wooden_pickaxe":1},"minecraft:crafted":{"minecraft:cherry_planks":24,"minecraft:crafting_table":1,"minecraft:stick":16,"minecraft:wooden_pickaxe":1,"minecraft:stone_pickaxe":3,"minecraft:stone_sword":1,"minecraft:stone_axe":1},"minecraft:killed_by":{"minecraft:player":2,"minecraft:skeleton":1,"minecraft:zombie":3},"minecraft:custom":{"minecraft:time_since_rest":3842,"minecraft:sprint_one_cm":139551,"minecraft:damage_taken":2399,"minecraft:walk_one_cm":108180,"minecraft:mob_kills":4,"minecraft:drop":1,"minecraft:damage_dealt":1183,"minecraft:swim_one_cm":12280,"minecraft:player_kills":3,"minecraft:interact_with_crafting_table":6,"minecraft:fly_one_cm":94390,"minecraft:open_chest":1,"minecraft:crouch_one_cm":681,"minecraft:play_time":40522,"minecraft:deaths":9,"minecraft:sneak_time":876,"minecraft:walk_under_water_one_cm":1830,"minecraft:jump":890,"minecraft:leave_game":1,"minecraft:walk_on_water_one_cm":2839,"minecraft:time_since_death":3728,"minecraft:total_world_time":40522,"minecraft:fall_one_cm":26599},"minecraft:picked_up":{"minecraft:pink_petals":4,"minecraft:raw_iron":2,"minecraft:stick":2,"minecraft:crafting_table":4,"minecraft:cherry_planks":13,"minecraft:leather":4,"minecraft:torch":2,"minecraft:dandelion":2,"minecraft:wooden_pickaxe":1,"minecraft:flint":1,"minecraft:oak_log":7,"minecraft:cherry_log":7,"minecraft:cornflower":1,"minecraft:dirt":20,"minecraft:stone_axe":1,"minecraft:wheat_seeds":5,"minecraft:beef":8,"minecraft:cherry_sapling":1,"minecraft:mutton":2,"minecraft:coal":22,"minecraft:sunflower":1,"minecraft:white_wool":3,"minecraft:cobblestone":95,"minecraft:oxeye_daisy":1}},"DataVersion":3953}