{"stats":{"minecraft:killed":{"minecraft:pig":1},"minecraft:crafted":{"minecraft:stone_sword":1,"minecraft:cherry_planks":40,"minecraft:wooden_sword":1,"minecraft:stone_axe":1,"minecraft:crafting_table":1,"minecraft:stick":8,"minecraft:stone_pickaxe":1,"minecraft:wooden_pickaxe":1},"minecraft:used":{"minecraft:stone_axe":84,"minecraft:apple":1,"minecraft:stone_sword":7,"minecraft:crafting_table":2,"minecraft:wooden_pickaxe":20},"minecraft:mined":{"minecraft:short_grass":8,"minecraft:grass_block":4,"minecraft:oak_log":70,"minecraft:cherry_leaves":2,"minecraft:cherry_log":10,"minecraft:stone":20,"minecraft:oak_leaves":16,"minecraft:crafting_table":2},"minecraft:custom":{"minecraft:time_since_rest":11053,"minecraft:play_time":11053,"minecraft:sprint_one_cm":22323,"minecraft:damage_taken":140,"minecraft:walk_one_cm":46518,"minecraft:mob_kills":1,"minecraft:jump":87,"minecraft:damage_dealt":150,"minecraft:time_since_death":11053,"minecraft:total_world_time":11053,"minecraft:fall_one_cm":1022,"minecraft:interact_with_crafting_table":2,"minecraft:fly_one_cm":9040},"minecraft:picked_up":{"minecraft:stick":8,"minecraft:crafting_table":2,"minecraft:apple":1,"minecraft:porkchop":1,"minecraft:oak_log":69,"minecraft:cherry_log":10,"minecraft:oak_sapling":3,"minecraft:dirt":4,"minecraft:cobblestone":20}},"DataVersion":3953}