{"stats":{"minecraft:broken":{"minecraft:iron_shovel":10,"minecraft:iron_pickaxe":4,"minecraft:wooden_hoe":1,"minecraft:wooden_pickaxe":1},"minecraft:killed":{"minecraft:spider":1,"minecraft:creeper":1,"minecraft:skeleton":1,"minecraft:zombie":9},"minecraft:crafted":{"minecraft:cherry_planks":148,"minecraft:oak_planks":272,"minecraft:cooked_porkchop":8,"minecraft:crafting_table":1,"minecraft:wooden_pickaxe":1,"minecraft:furnace":4,"minecraft:stone_axe":1,"minecraft:oak_fence_gate":3,"minecraft:wooden_hoe":5,"minecraft:stick":104,"minecraft:iron_ingot":53,"minecraft:iron_pickaxe":4,"minecraft:stone_pickaxe":1,"minecraft:stone_sword":1,"minecraft:chest":10,"minecraft:iron_shovel":13,"minecraft:torch":116},"minecraft:used":{"minecraft:wheat_seeds":35,"minecraft:cooked_mutton":17,"minecraft:cherry_sapling":1,"minecraft:water_bucket":1,"minecraft:stone_sword":13,"minecraft:iron_shovel":2767,"minecraft:stone_pickaxe":55,"minecraft:oak_planks":237,"minecraft:wooden_pickaxe":59,"minecraft:chest":20,"minecraft:shield":28,"minecraft:iron_sword":43,"minecraft:iron_chestplate":1,"minecraft:torch":75,"minecraft:dirt":480,"minecraft:crafting_table":2,"minecraft:white_bed":1,"minecraft:oak_fence_gate":3,"minecraft:oak_log":17,"minecraft:wooden_hoe":82,"minecraft:iron_pickaxe":956,"minecraft:iron_axe":43,"minecraft:iron_helmet":1,"minecraft:iron_boots":1,"minecraft:stone_axe":1,"minecraft:cobblestone":600,"minecraft:furnace":4,"minecraft:cooked_porkchop":3,"minecraft:potato":1,"minecraft:iron_leggings":1},"minecraft:dropped":{"minecraft:cooked_porkchop":1,"minecraft:cobblestone":83,"minecraft:rotten_flesh":3,"minecraft:granite":1,"minecraft:dirt":2,"minecraft:wooden_hoe":1,"minecraft:diorite":1,"minecraft:andesite":39,"minecraft:iron_axe":2},"minecraft:killed_by":{"minecraft:player":1,"minecraft:zombie":2},"minecraft:mined":{"minecraft:cherry_log":15,"minecraft:dandelion":5,"minecraft:crafting_table":2,"minecraft:cornflower":1,"minecraft:torch":8,"minecraft:granite":17,"minecraft:short_grass":250,"minecraft:grass_block":1316,"minecraft:poppy":1,"minecraft:chest":10,"minecraft:tall_grass":59,"minecraft:copper_ore":5,"minecraft:cobblestone":33,"minecraft:lapis_ore":4,"minecraft:sugar_cane":1,"minecraft:oak_planks":20,"minecraft:diorite":5,"minecraft:wall_torch":3,"minecraft:seagrass":1,"minecraft:iron_ore":3,"minecraft:wheat":2,"minecraft:andesite":79,"minecraft:coal_ore":68,"minecraft:oak_log":10,"minecraft:dirt_path":1,"minecraft:oak_fence_gate":1,"minecraft:cherry_leaves":1,"minecraft:gravel":6,"minecraft:sand":7,"minecraft:dirt":1449,"minecraft:stone":853,"minecraft:oak_leaves":1},"minecraft:custom":{"minecraft:interact_with_furnace":21,"minecraft:mob_kills":12,"minecraft:interact_with_crafting_table":14,"minecraft:leave_game":8,"minecraft:time_since_death":41653,"minecraft:sleep_in_bed":6,"minecraft:time_since_rest":41692,"minecraft:sprint_one_cm":287068,"minecraft:damage_taken":1739,"minecraft:walk_one_cm":496911,"minecraft:damage_blocked_by_shield":810,"minecraft:drop":11,"minecraft:damage_dealt":2600,"minecraft:swim_one_cm":2587,"minecraft:fly_one_cm":49114,"minecraft:open_chest":30,"minecraft:crouch_one_cm":44291,"minecraft:play_time":177531,"minecraft:deaths":3,"minecraft:sneak_time":18111,"minecraft:walk_under_water_one_cm":4541,"minecraft:jump":773,"minecraft:walk_on_water_one_cm":4890,"minecraft:total_world_time":177531,"minecraft:fall_one_cm":9284},"minecraft:picked_up":{"minecraft:iron_chestplate":1,"minecraft:crafting_table":2,"minecraft:water_bucket":1,"minecraft:andesite":119,"minecraft:potato":1,"minecraft:oak_log":126,"minecraft:shield":1,"minecraft:gunpowder":2,"minecraft:lapis_lazuli":25,"minecraft:string":4,"minecraft:dirt":3298,"minecraft:raw_copper":36,"minecraft:iron_axe":3,"minecraft:iron_leggings":1,"minecraft:iron_shovel":4,"minecraft:bone":4,"minecraft:wheat_seeds":77,"minecraft:raw_gold":5,"minecraft:oak_fence_gate":1,"minecraft:iron_ingot":31,"minecraft:poppy":1,"minecraft:iron_pickaxe":1,"minecraft:chest":14,"minecraft:oak_planks":24,"minecraft:iron_sword":1,"minecraft:iron_boots":1,"minecraft:stick":52,"minecraft:raw_iron":6,"minecraft:torch":12,"minecraft:gravel":8,"minecraft:porkchop":8,"minecraft:sand":14,"minecraft:cherry_log":31,"minecraft:diorite":8,"minecraft:spider_eye":2,"minecraft:arrow":3,"minecraft:rotten_flesh":17,"minecraft:iron_helmet":1,"minecraft:granite":32,"minecraft:cherry_sapling":1,"minecraft:mutton":12,"minecraft:coal":89,"minecraft:white_wool":2,"minecraft:rail":1,"minecraft:cobblestone":976}},"DataVersion":3953}