{"stats":{"minecraft:broken":{"minecraft:iron_shovel":9,"minecraft:iron_pickaxe":1,"minecraft:wooden_pickaxe":1},"minecraft:killed":{"minecraft:spider":1,"minecraft:creeper":1,"minecraft:zombie":7},"minecraft:crafted":{"minecraft:cherry_planks":148,"minecraft:crafting_table":1,"minecraft:wooden_pickaxe":1,"minecraft:furnace":4,"minecraft:stone_axe":1,"minecraft:stick":72,"minecraft:iron_ingot":53,"minecraft:iron_pickaxe":1,"minecraft:stone_pickaxe":1,"minecraft:stone_sword":1,"minecraft:chest":8,"minecraft:iron_shovel":13,"minecraft:torch":64},"minecraft:used":{"minecraft:cooked_mutton":14,"minecraft:cherry_sapling":1,"minecraft:stone_sword":13,"minecraft:iron_shovel":2345,"minecraft:stone_pickaxe":55,"minecraft:wooden_pickaxe":59,"minecraft:chest":18,"minecraft:shield":9,"minecraft:iron_sword":29,"minecraft:iron_chestplate":1,"minecraft:torch":29,"minecraft:dirt":435,"minecraft:crafting_table":2,"minecraft:white_bed":1,"minecraft:iron_axe":21,"minecraft:iron_pickaxe":271,"minecraft:iron_helmet":1,"minecraft:iron_boots":1,"minecraft:stone_axe":1,"minecraft:cobblestone":112,"minecraft:furnace":4,"minecraft:iron_leggings":1},"minecraft:dropped":{"minecraft:iron_axe":2},"minecraft:killed_by":{"minecraft:zombie":2},"minecraft:mined":{"minecraft:cherry_log":15,"minecraft:dandelion":5,"minecraft:crafting_table":2,"minecraft:cornflower":1,"minecraft:torch":1,"minecraft:short_grass":249,"minecraft:grass_block":1108,"minecraft:poppy":1,"minecraft:chest":10,"minecraft:tall_grass":58,"minecraft:cobblestone":3,"minecraft:sugar_cane":1,"minecraft:wall_torch":1,"minecraft:seagrass":1,"minecraft:oak_log":9,"minecraft:coal_ore":18,"minecraft:dirt_path":1,"minecraft:cherry_leaves":1,"minecraft:sand":7,"minecraft:dirt":1236,"minecraft:stone":363,"minecraft:oak_leaves":1},"minecraft:custom":{"minecraft:interact_with_furnace":10,"minecraft:mob_kills":9,"minecraft:interact_with_crafting_table":8,"minecraft:leave_game":6,"minecraft:time_since_death":87179,"minecraft:sleep_in_bed":6,"minecraft:time_since_rest":11987,"minecraft:sprint_one_cm":170954,"minecraft:damage_taken":1245,"minecraft:walk_one_cm":369655,"minecraft:damage_blocked_by_shield":245,"minecraft:drop":2,"minecraft:damage_dealt":1730,"minecraft:swim_one_cm":2587,"minecraft:fly_one_cm":35107,"minecraft:open_chest":20,"minecraft:crouch_one_cm":17846,"minecraft:play_time":108786,"minecraft:deaths":2,"minecraft:sneak_time":6825,"minecraft:walk_under_water_one_cm":4541,"minecraft:jump":495,"minecraft:walk_on_water_one_cm":4849,"minecraft:total_world_time":108786,"minecraft:fall_one_cm":5515},"minecraft:picked_up":{"minecraft:crafting_table":2,"minecraft:potato":1,"minecraft:oak_log":9,"minecraft:gunpowder":2,"minecraft:dirt":2362,"minecraft:string":4,"minecraft:iron_axe":2,"minecraft:wheat_seeds":53,"minecraft:poppy":1,"minecraft:chest":10,"minecraft:oak_planks":4,"minecraft:stick":18,"minecraft:torch":3,"minecraft:sand":7,"minecraft:cherry_log":15,"minecraft:spider_eye":2,"minecraft:arrow":3,"minecraft:rotten_flesh":4,"minecraft:cherry_sapling":1,"minecraft:mutton":3,"minecraft:rail":1,"minecraft:coal":18,"minecraft:white_wool":2,"minecraft:cobblestone":394}},"DataVersion":3953}