{"stats":{"minecraft:custom":{"minecraft:interact_with_furnace":4,"minecraft:mob_kills":2,"minecraft:interact_with_crafting_table":3,"minecraft:leave_game":4,"minecraft:time_since_death":28056,"minecraft:time_since_rest":35858,"minecraft:sprint_one_cm":61711,"minecraft:damage_taken":678,"minecraft:walk_one_cm":211894,"minecraft:damage_blocked_by_shield":145,"minecraft:drop":2,"minecraft:damage_dealt":360,"minecraft:swim_one_cm":822,"minecraft:fly_one_cm":18041,"minecraft:open_chest":7,"minecraft:crouch_one_cm":4663,"minecraft:play_time":49663,"minecraft:deaths":2,"minecraft:sneak_time":1689,"minecraft:walk_under_water_one_cm":167,"minecraft:jump":319,"minecraft:walk_on_water_one_cm":4110,"minecraft:total_world_time":49663,"minecraft:fall_one_cm":5097},"minecraft:crafted":{"minecraft:cherry_planks":60,"minecraft:crafting_table":1,"minecraft:wooden_pickaxe":1,"minecraft:furnace":4,"minecraft:stone_axe":1,"minecraft:stick":16,"minecraft:iron_ingot":2,"minecraft:stone_pickaxe":1,"minecraft:stone_sword":1,"minecraft:iron_shovel":2,"minecraft:torch":32},"minecraft:dropped":{"minecraft:iron_axe":2},"minecraft:killed_by":{"minecraft:zombie":2},"minecraft:broken":{"minecraft:iron_shovel":1,"minecraft:wooden_pickaxe":1},"minecraft:killed":{"minecraft:spider":1,"minecraft:creeper":1},"minecraft:used":{"minecraft:cooked_mutton":4,"minecraft:cherry_sapling":1,"minecraft:stone_sword":13,"minecraft:iron_shovel":337,"minecraft:stone_pickaxe":55,"minecraft:wooden_pickaxe":59,"minecraft:chest":1,"minecraft:shield":5,"minecraft:iron_chestplate":1,"minecraft:torch":1,"minecraft:dirt":5,"minecraft:crafting_table":2,"minecraft:white_bed":1,"minecraft:iron_axe":13,"minecraft:iron_helmet":1,"minecraft:iron_boots":1,"minecraft:stone_axe":1,"minecraft:cobblestone":2,"minecraft:furnace":4,"minecraft:iron_leggings":1},"minecraft:mined":{"minecraft:cherry_log":15,"minecraft:dandelion":5,"minecraft:crafting_table":2,"minecraft:cornflower":1,"minecraft:short_grass":233,"minecraft:grass_block":234,"minecraft:poppy":1,"minecraft:chest":1,"minecraft:tall_grass":56,"minecraft:sugar_cane":1,"minecraft:wall_torch":1,"minecraft:coal_ore":18,"minecraft:oak_log":9,"minecraft:cherry_leaves":1,"minecraft:dirt":113,"minecraft:stone":95,"minecraft:oak_leaves":1},"minecraft:picked_up":{"minecraft:crafting_table":2,"minecraft:potato":1,"minecraft:oak_log":9,"minecraft:gunpowder":2,"minecraft:dirt":337,"minecraft:string":4,"minecraft:iron_axe":2,"minecraft:wheat_seeds":36,"minecraft:poppy":1,"minecraft:chest":1,"minecraft:oak_planks":4,"minecraft:stick":18,"minecraft:torch":1,"minecraft:cherry_log":15,"minecraft:spider_eye":2,"minecraft:arrow":3,"minecraft:cherry_sapling":1,"minecraft:white_wool":2,"minecraft:mutton":3,"minecraft:coal":18,"minecraft:rail":1,"minecraft:cobblestone":117}},"DataVersion":3953}