{"stats":{"minecraft:crafted":{"minecraft:cherry_planks":60,"minecraft:crafting_table":1,"minecraft:stick":16,"minecraft:wooden_pickaxe":1,"minecraft:stone_pickaxe":1,"minecraft:stone_sword":1,"minecraft:furnace":4,"minecraft:torch":32,"minecraft:stone_axe":1},"minecraft:custom":{"minecraft:time_since_rest":23732,"minecraft:sprint_one_cm":58864,"minecraft:damage_taken":645,"minecraft:walk_one_cm":159707,"minecraft:mob_kills":2,"minecraft:damage_dealt":360,"minecraft:interact_with_crafting_table":2,"minecraft:fly_one_cm":17120,"minecraft:open_chest":3,"minecraft:crouch_one_cm":517,"minecraft:play_time":37537,"minecraft:deaths":2,"minecraft:sneak_time":289,"minecraft:jump":288,"minecraft:leave_game":4,"minecraft:walk_on_water_one_cm":3552,"minecraft:time_since_death":15930,"minecraft:total_world_time":37537,"minecraft:fall_one_cm":5097},"minecraft:killed_by":{"minecraft:zombie":2},"minecraft:broken":{"minecraft:wooden_pickaxe":1},"minecraft:killed":{"minecraft:spider":1,"minecraft:creeper":1},"minecraft:used":{"minecraft:cooked_mutton":4,"minecraft:cherry_sapling":1,"minecraft:stone_sword":13,"minecraft:iron_axe":13,"minecraft:stone_pickaxe":55,"minecraft:iron_helmet":1,"minecraft:wooden_pickaxe":59,"minecraft:iron_boots":1,"minecraft:stone_axe":1,"minecraft:iron_chestplate":1,"minecraft:torch":1,"minecraft:dirt":2,"minecraft:cobblestone":2,"minecraft:crafting_table":1,"minecraft:iron_leggings":1},"minecraft:mined":{"minecraft:cherry_log":15,"minecraft:crafting_table":2,"minecraft:short_grass":12,"minecraft:coal_ore":18,"minecraft:grass_block":3,"minecraft:oak_log":9,"minecraft:chest":1,"minecraft:cherry_leaves":1,"minecraft:dirt":6,"minecraft:tall_grass":3,"minecraft:stone":95,"minecraft:oak_leaves":1,"minecraft:wall_torch":1},"minecraft:picked_up":{"minecraft:stick":18,"minecraft:crafting_table":2,"minecraft:torch":1,"minecraft:potato":1,"minecraft:oak_log":9,"minecraft:cherry_log":15,"minecraft:gunpowder":2,"minecraft:spider_eye":2,"minecraft:string":4,"minecraft:dirt":9,"minecraft:arrow":3,"minecraft:wheat_seeds":4,"minecraft:cherry_sapling":1,"minecraft:coal":18,"minecraft:chest":1,"minecraft:mutton":3,"minecraft:oak_planks":4,"minecraft:rail":1,"minecraft:white_wool":2,"minecraft:cobblestone":117}},"DataVersion":3953}