{"stats":{"minecraft:broken":{"minecraft:iron_shovel":11,"minecraft:iron_pickaxe":4,"minecraft:wooden_hoe":1,"minecraft:wooden_pickaxe":1},"minecraft:killed":{"minecraft:spider":1,"minecraft:creeper":1,"minecraft:skeleton":1,"minecraft:zombie":9,"minecraft:cow":2},"minecraft:crafted":{"minecraft:cherry_planks":148,"minecraft:oak_door":3,"minecraft:oak_planks":272,"minecraft:cooked_porkchop":8,"minecraft:crafting_table":1,"minecraft:wooden_pickaxe":1,"minecraft:furnace":4,"minecraft:stone_axe":1,"minecraft:glass":24,"minecraft:oak_fence_gate":3,"minecraft:wooden_hoe":5,"minecraft:stick":104,"minecraft:iron_ingot":53,"minecraft:iron_pickaxe":4,"minecraft:stone_pickaxe":1,"minecraft:stone_sword":1,"minecraft:chest":10,"minecraft:iron_shovel":13,"minecraft:torch":116},"minecraft:used":{"minecraft:wheat_seeds":57,"minecraft:cooked_mutton":17,"minecraft:cherry_sapling":1,"minecraft:water_bucket":1,"minecraft:stone_sword":13,"minecraft:iron_shovel":2942,"minecraft:stone_pickaxe":55,"minecraft:oak_planks":237,"minecraft:wooden_pickaxe":59,"minecraft:chest":26,"minecraft:shield":28,"minecraft:iron_sword":43,"minecraft:oak_door":2,"minecraft:iron_chestplate":1,"minecraft:torch":82,"minecraft:dirt":480,"minecraft:sand":2,"minecraft:crafting_table":3,"minecraft:white_bed":2,"minecraft:oak_fence_gate":3,"minecraft:glass":16,"minecraft:oak_log":18,"minecraft:wooden_hoe":82,"minecraft:iron_pickaxe":963,"minecraft:iron_axe":109,"minecraft:iron_helmet":1,"minecraft:iron_boots":1,"minecraft:stone_axe":1,"minecraft:cobblestone":695,"minecraft:furnace":8,"minecraft:cooked_porkchop":4,"minecraft:potato":4,"minecraft:iron_leggings":1},"minecraft:dropped":{"minecraft:cooked_porkchop":1,"minecraft:cobblestone":84,"minecraft:rotten_flesh":3,"minecraft:granite":1,"minecraft:dirt":2,"minecraft:wooden_hoe":1,"minecraft:diorite":1,"minecraft:andesite":39,"minecraft:iron_axe":2},"minecraft:killed_by":{"minecraft:player":1,"minecraft:zombie":2},"minecraft:mined":{"minecraft:white_bed":1,"minecraft:oak_door":1,"minecraft:cherry_log":15,"minecraft:dandelion":5,"minecraft:crafting_table":3,"minecraft:cornflower":1,"minecraft:torch":8,"minecraft:granite":17,"minecraft:short_grass":253,"minecraft:grass_block":1409,"minecraft:poppy":1,"minecraft:chest":14,"minecraft:tall_grass":59,"minecraft:copper_ore":5,"minecraft:cobblestone":36,"minecraft:lapis_ore":4,"minecraft:sugar_cane":1,"minecraft:oak_planks":20,"minecraft:diorite":5,"minecraft:wall_torch":4,"minecraft:seagrass":1,"minecraft:furnace":4,"minecraft:birch_log":16,"minecraft:iron_ore":3,"minecraft:wheat":2,"minecraft:birch_leaves":1,"minecraft:andesite":79,"minecraft:potatoes":1,"minecraft:coal_ore":68,"minecraft:oak_log":42,"minecraft:dirt_path":1,"minecraft:oak_fence_gate":1,"minecraft:cherry_leaves":1,"minecraft:gravel":6,"minecraft:sand":89,"minecraft:dirt":1449,"minecraft:stone":853,"minecraft:oak_leaves":4},"minecraft:custom":{"minecraft:interact_with_furnace":23,"minecraft:mob_kills":14,"minecraft:interact_with_crafting_table":15,"minecraft:leave_game":8,"minecraft:time_since_death":59653,"minecraft:sleep_in_bed":6,"minecraft:time_since_rest":59692,"minecraft:sprint_one_cm":361086,"minecraft:damage_taken":1739,"minecraft:walk_one_cm":544383,"minecraft:damage_blocked_by_shield":810,"minecraft:drop":12,"minecraft:damage_dealt":2800,"minecraft:swim_one_cm":5387,"minecraft:fly_one_cm":66080,"minecraft:open_chest":40,"minecraft:crouch_one_cm":44716,"minecraft:play_time":195531,"minecraft:deaths":3,"minecraft:sneak_time":18366,"minecraft:walk_under_water_one_cm":4619,"minecraft:jump":939,"minecraft:walk_on_water_one_cm":11196,"minecraft:total_world_time":195531,"minecraft:fall_one_cm":10596},"minecraft:picked_up":{"minecraft:birch_log":16,"minecraft:iron_chestplate":1,"minecraft:crafting_table":3,"minecraft:water_bucket":1,"minecraft:andesite":119,"minecraft:leather":3,"minecraft:potato":4,"minecraft:oak_log":158,"minecraft:shield":1,"minecraft:gunpowder":2,"minecraft:cooked_mutton":9,"minecraft:lapis_lazuli":25,"minecraft:string":4,"minecraft:dirt":5559,"minecraft:raw_copper":36,"minecraft:iron_axe":3,"minecraft:iron_leggings":1,"minecraft:iron_shovel":4,"minecraft:bone":4,"minecraft:wheat_seeds":100,"minecraft:raw_gold":5,"minecraft:beef":5,"minecraft:oak_fence_gate":1,"minecraft:iron_ingot":31,"minecraft:poppy":1,"minecraft:iron_pickaxe":1,"minecraft:birch_sapling":1,"minecraft:chest":18,"minecraft:oak_planks":24,"minecraft:iron_sword":1,"minecraft:iron_boots":1,"minecraft:furnace":4,"minecraft:stick":53,"minecraft:raw_iron":6,"minecraft:oak_door":1,"minecraft:torch":14,"minecraft:gravel":12,"minecraft:porkchop":8,"minecraft:sand":183,"minecraft:cherry_log":31,"minecraft:diorite":12,"minecraft:white_bed":1,"minecraft:spider_eye":2,"minecraft:arrow":3,"minecraft:rotten_flesh":21,"minecraft:iron_helmet":1,"minecraft:granite":47,"minecraft:cherry_sapling":1,"minecraft:mutton":12,"minecraft:coal":105,"minecraft:white_wool":2,"minecraft:rail":1,"minecraft:cobblestone":980}},"DataVersion":3953}