{"stats":{"minecraft:broken":{"minecraft:iron_shovel":11,"minecraft:wooden_pickaxe":1,"minecraft:iron_axe":1,"minecraft:iron_pickaxe":4,"minecraft:wooden_hoe":1},"minecraft:killed":{"minecraft:spider":2,"minecraft:skeleton":2,"minecraft:creeper":1,"minecraft:zombie":10,"minecraft:cow":2},"minecraft:crafted":{"minecraft:cherry_planks":156,"minecraft:oak_door":3,"minecraft:oak_planks":408,"minecraft:furnace":4,"minecraft:glass":32,"minecraft:iron_axe":1,"minecraft:stone_pickaxe":1,"minecraft:chest":10,"minecraft:cooked_beef":5,"minecraft:cooked_porkchop":8,"minecraft:crafting_table":1,"minecraft:wooden_pickaxe":1,"minecraft:iron_sword":1,"minecraft:stone_axe":1,"minecraft:air":0,"minecraft:oak_fence_gate":3,"minecraft:wooden_hoe":5,"minecraft:charcoal":54,"minecraft:stick":124,"minecraft:iron_ingot":53,"minecraft:iron_pickaxe":5,"minecraft:oak_stairs":88,"minecraft:stone_sword":1,"minecraft:iron_shovel":13,"minecraft:torch":136},"minecraft:used":{"minecraft:cherry_sapling":1,"minecraft:stone_sword":13,"minecraft:iron_shovel":2942,"minecraft:shield":32,"minecraft:chest":28,"minecraft:iron_sword":55,"minecraft:iron_chestplate":1,"minecraft:oak_door":2,"minecraft:torch":94,"minecraft:dirt":480,"minecraft:oak_fence_gate":3,"minecraft:glass":30,"minecraft:iron_axe":252,"minecraft:oak_stairs":93,"minecraft:iron_helmet":1,"minecraft:iron_boots":1,"minecraft:oak_sapling":8,"minecraft:furnace":8,"minecraft:potato":4,"minecraft:iron_leggings":1,"minecraft:wheat_seeds":57,"minecraft:cooked_mutton":19,"minecraft:water_bucket":1,"minecraft:stone_pickaxe":55,"minecraft:oak_planks":237,"minecraft:wooden_pickaxe":59,"minecraft:cherry_planks":22,"minecraft:sand":2,"minecraft:crafting_table":3,"minecraft:white_bed":2,"minecraft:oak_log":25,"minecraft:wooden_hoe":82,"minecraft:iron_pickaxe":963,"minecraft:stone_axe":1,"minecraft:cobblestone":695,"minecraft:cooked_porkchop":7},"minecraft:dropped":{"minecraft:cooked_porkchop":1,"minecraft:cobblestone":84,"minecraft:granite":1,"minecraft:dirt":2,"minecraft:diorite":1,"minecraft:wooden_hoe":1,"minecraft:iron_axe":2,"minecraft:rotten_flesh":3,"minecraft:andesite":39},"minecraft:killed_by":{"minecraft:player":1,"minecraft:zombie":2},"minecraft:mined":{"minecraft:white_bed":1,"minecraft:oak_door":1,"minecraft:cherry_log":15,"minecraft:granite":17,"minecraft:grass_block":1409,"minecraft:furnace":4,"minecraft:iron_ore":3,"minecraft:andesite":79,"minecraft:potatoes":1,"minecraft:dirt_path":1,"minecraft:oak_stairs":7,"minecraft:stone":853,"minecraft:cherry_planks":18,"minecraft:dandelion":5,"minecraft:crafting_table":3,"minecraft:cornflower":1,"minecraft:torch":8,"minecraft:short_grass":258,"minecraft:poppy":1,"minecraft:chest":16,"minecraft:copper_ore":5,"minecraft:tall_grass":59,"minecraft:cobblestone":36,"minecraft:lapis_ore":4,"minecraft:oak_planks":25,"minecraft:sugar_cane":1,"minecraft:diorite":5,"minecraft:wall_torch":5,"minecraft:seagrass":1,"minecraft:birch_log":16,"minecraft:wheat":2,"minecraft:birch_leaves":1,"minecraft:oak_log":140,"minecraft:coal_ore":68,"minecraft:oak_fence_gate":1,"minecraft:cherry_leaves":1,"minecraft:gravel":6,"minecraft:sand":89,"minecraft:dirt":1449,"minecraft:oak_leaves":20},"minecraft:custom":{"minecraft:mob_kills":17,"minecraft:interact_with_crafting_table":18,"minecraft:leave_game":9,"minecraft:time_since_death":88366,"minecraft:sprint_one_cm":446896,"minecraft:walk_one_cm":593979,"minecraft:damage_blocked_by_shield":905,"minecraft:drop":12,"minecraft:play_time":224244,"minecraft:deaths":3,"minecraft:sneak_time":24383,"minecraft:walk_under_water_one_cm":4728,"minecraft:jump":1087,"minecraft:walk_on_water_one_cm":12396,"minecraft:total_world_time":224244,"minecraft:interact_with_furnace":44,"minecraft:sleep_in_bed":7,"minecraft:time_since_rest":1178,"minecraft:damage_taken":2027,"minecraft:damage_dealt":3330,"minecraft:swim_one_cm":6311,"minecraft:fly_one_cm":87305,"minecraft:open_chest":54,"minecraft:crouch_one_cm":59770,"minecraft:fall_one_cm":14509},"minecraft:picked_up":{"minecraft:crafting_table":3,"minecraft:iron_chestplate":1,"minecraft:oak_stairs":7,"minecraft:shield":1,"minecraft:string":7,"minecraft:raw_copper":54,"minecraft:iron_axe":3,"minecraft:iron_leggings":1,"minecraft:iron_shovel":4,"minecraft:beef":5,"minecraft:poppy":2,"minecraft:iron_pickaxe":1,"minecraft:chest":20,"minecraft:birch_sapling":1,"minecraft:iron_boots":1,"minecraft:furnace":4,"minecraft:raw_iron":6,"minecraft:stick":57,"minecraft:oak_door":1,"minecraft:torch":16,"minecraft:porkchop":8,"minecraft:cherry_log":31,"minecraft:diorite":12,"minecraft:arrow":8,"minecraft:rotten_flesh":25,"minecraft:mutton":12,"minecraft:rail":2,"minecraft:white_wool":4,"minecraft:cobblestone":980,"minecraft:birch_log":16,"minecraft:cherry_planks":18,"minecraft:water_bucket":1,"minecraft:andesite":159,"minecraft:leather":3,"minecraft:potato":4,"minecraft:oak_log":256,"minecraft:gunpowder":2,"minecraft:wooden_hoe":3,"minecraft:lapis_lazuli":60,"minecraft:dirt":5566,"minecraft:cooked_mutton":9,"minecraft:bone":4,"minecraft:apple":1,"minecraft:wheat_seeds":100,"minecraft:raw_gold":5,"minecraft:iron_ingot":31,"minecraft:oak_fence_gate":2,"minecraft:iron_sword":1,"minecraft:oak_planks":29,"minecraft:gravel":12,"minecraft:sand":183,"minecraft:white_bed":1,"minecraft:spider_eye":4,"minecraft:iron_helmet":1,"minecraft:granite":47,"minecraft:cherry_sapling":1,"minecraft:oak_sapling":8,"minecraft:coal":105}},"DataVersion":3953}