{"stats":{"minecraft:used":{"minecraft:stone_pickaxe":142,"minecraft:wooden_pickaxe":10,"minecraft:torch":11,"minecraft:dirt":13,"minecraft:crafting_table":4,"minecraft:apple":1,"minecraft:iron_pickaxe":250,"minecraft:stone_axe":65,"minecraft:pink_petals":7,"minecraft:cobblestone":23,"minecraft:furnace":2,"minecraft:cooked_porkchop":3},"minecraft:custom":{"minecraft:interact_with_furnace":2,"minecraft:mob_kills":10,"minecraft:interact_with_crafting_table":6,"minecraft:leave_game":5,"minecraft:time_since_death":15394,"minecraft:time_since_rest":15515,"minecraft:sprint_one_cm":7169,"minecraft:damage_taken":1241,"minecraft:walk_one_cm":213292,"minecraft:drop":60,"minecraft:damage_dealt":902,"minecraft:swim_one_cm":115,"minecraft:fly_one_cm":10707,"minecraft:crouch_one_cm":78,"minecraft:play_time":65088,"minecraft:deaths":3,"minecraft:sneak_time":171,"minecraft:walk_under_water_one_cm":18100,"minecraft:jump":699,"minecraft:walk_on_water_one_cm":12505,"minecraft:total_world_time":65088,"minecraft:fall_one_cm":12250},"minecraft:crafted":{"minecraft:cherry_planks":36,"minecraft:oak_planks":36,"minecraft:cooked_porkchop":3,"minecraft:crafting_table":1,"minecraft:wooden_pickaxe":1,"minecraft:furnace":1,"minecraft:stone_axe":1,"minecraft:air":0,"minecraft:stick":16,"minecraft:iron_pickaxe":1,"minecraft:stone_pickaxe":2,"minecraft:torch":20},"minecraft:picked_up":{"minecraft:birch_log":6,"minecraft:pink_petals":7,"minecraft:iron_chestplate":1,"minecraft:crafting_table":5,"minecraft:cherry_planks":45,"minecraft:salmon":5,"minecraft:wooden_pickaxe":2,"minecraft:oak_log":16,"minecraft:dirt":43,"minecraft:raw_copper":99,"minecraft:iron_leggings":1,"minecraft:apple":1,"minecraft:iron_ingot":13,"minecraft:furnace":2,"minecraft:stick":2,"minecraft:torch":3,"minecraft:porkchop":3,"minecraft:cherry_log":9,"minecraft:ink_sac":3,"minecraft:white_bed":1,"minecraft:iron_helmet":1,"minecraft:granite":3,"minecraft:oak_sapling":2,"minecraft:coal":126,"minecraft:cobblestone":321},"minecraft:killed":{"minecraft:pig":1,"minecraft:salmon":5,"minecraft:spider":1,"minecraft:squid":1,"minecraft:goat":2},"minecraft:mined":{"minecraft:white_bed":1,"minecraft:cherry_planks":9,"minecraft:cherry_log":9,"minecraft:powder_snow":2,"minecraft:crafting_table":4,"minecraft:glow_lichen":2,"minecraft:torch":1,"minecraft:granite":3,"minecraft:short_grass":5,"minecraft:grass_block":12,"minecraft:copper_ore":19,"minecraft:cobblestone":3,"minecraft:wall_torch":1,"minecraft:pink_petals":3,"minecraft:seagrass":1,"minecraft:tall_seagrass":1,"minecraft:furnace":2,"minecraft:birch_log":6,"minecraft:birch_leaves":1,"minecraft:coal_ore":64,"minecraft:oak_log":17,"minecraft:cherry_leaves":2,"minecraft:dirt":38,"minecraft:stone":295,"minecraft:oak_leaves":19},"minecraft:dropped":{"minecraft:cobblestone":58,"minecraft:wooden_pickaxe":2},"minecraft:killed_by":{"minecraft:player":1,"minecraft:spider":1},"minecraft:broken":{"minecraft:stone_pickaxe":1,"minecraft:iron_pickaxe":1}},"DataVersion":3953}