{"stats":{"minecraft:used":{"minecraft:stone_pickaxe":404,"minecraft:wooden_pickaxe":12,"minecraft:torch":11,"minecraft:dirt":13,"minecraft:crafting_table":5,"minecraft:apple":1,"minecraft:iron_axe":46,"minecraft:iron_pickaxe":500,"minecraft:stone_axe":65,"minecraft:pink_petals":7,"minecraft:cobblestone":35,"minecraft:furnace":2,"minecraft:cooked_porkchop":5},"minecraft:custom":{"minecraft:interact_with_furnace":2,"minecraft:mob_kills":12,"minecraft:interact_with_crafting_table":10,"minecraft:leave_game":5,"minecraft:time_since_death":60394,"minecraft:time_since_rest":60515,"minecraft:sprint_one_cm":41423,"minecraft:damage_taken":1317,"minecraft:walk_one_cm":333260,"minecraft:drop":61,"minecraft:damage_dealt":1148,"minecraft:swim_one_cm":115,"minecraft:fly_one_cm":15891,"minecraft:crouch_one_cm":731,"minecraft:play_time":110088,"minecraft:deaths":3,"minecraft:sneak_time":1144,"minecraft:walk_under_water_one_cm":21837,"minecraft:jump":955,"minecraft:walk_on_water_one_cm":20163,"minecraft:total_world_time":110088,"minecraft:fall_one_cm":14110},"minecraft:crafted":{"minecraft:cherry_planks":36,"minecraft:oak_planks":116,"minecraft:cooked_porkchop":3,"minecraft:crafting_table":2,"minecraft:wooden_pickaxe":2,"minecraft:furnace":1,"minecraft:stone_axe":1,"minecraft:air":0,"minecraft:iron_axe":1,"minecraft:stick":32,"minecraft:iron_pickaxe":2,"minecraft:stone_pickaxe":4,"minecraft:torch":20},"minecraft:picked_up":{"minecraft:birch_log":6,"minecraft:pink_petals":7,"minecraft:iron_chestplate":1,"minecraft:crafting_table":5,"minecraft:feather":2,"minecraft:chicken":1,"minecraft:cherry_planks":45,"minecraft:salmon":5,"minecraft:leather":2,"minecraft:brown_mushroom":3,"minecraft:lead":2,"minecraft:wooden_pickaxe":2,"minecraft:oak_log":48,"minecraft:dirt":84,"minecraft:raw_copper":99,"minecraft:iron_leggings":1,"minecraft:apple":1,"minecraft:beef":1,"minecraft:iron_ingot":13,"minecraft:iron_boots":1,"minecraft:furnace":2,"minecraft:stick":3,"minecraft:cooked_porkchop":9,"minecraft:torch":3,"minecraft:porkchop":3,"minecraft:cherry_log":9,"minecraft:spruce_sapling":1,"minecraft:ink_sac":3,"minecraft:white_bed":1,"minecraft:spruce_log":8,"minecraft:iron_helmet":1,"minecraft:granite":6,"minecraft:oak_sapling":2,"minecraft:coal":165,"minecraft:cobblestone":787},"minecraft:killed":{"minecraft:pig":1,"minecraft:salmon":5,"minecraft:spider":1,"minecraft:squid":1,"minecraft:goat":2,"minecraft:chicken":1,"minecraft:cow":1},"minecraft:mined":{"minecraft:brown_mushroom":3,"minecraft:white_bed":1,"minecraft:cherry_planks":9,"minecraft:cherry_log":9,"minecraft:powder_snow":2,"minecraft:crafting_table":4,"minecraft:glow_lichen":2,"minecraft:torch":1,"minecraft:granite":6,"minecraft:short_grass":6,"minecraft:grass_block":15,"minecraft:copper_ore":19,"minecraft:cobblestone":5,"minecraft:spruce_leaves":5,"minecraft:wall_torch":1,"minecraft:pink_petals":3,"minecraft:seagrass":1,"minecraft:tall_seagrass":1,"minecraft:furnace":2,"minecraft:birch_log":6,"minecraft:spruce_log":8,"minecraft:birch_leaves":1,"minecraft:coal_ore":103,"minecraft:oak_log":57,"minecraft:cherry_leaves":2,"minecraft:dirt":76,"minecraft:stone":759,"minecraft:oak_leaves":34},"minecraft:dropped":{"minecraft:lead":1,"minecraft:cobblestone":58,"minecraft:wooden_pickaxe":2},"minecraft:killed_by":{"minecraft:player":1,"minecraft:spider":1},"minecraft:broken":{"minecraft:stone_pickaxe":3,"minecraft:iron_pickaxe":2}},"DataVersion":3953}