{"stats":{"minecraft:used":{"minecraft:crafting_table":1,"minecraft:stone_pickaxe":10,"minecraft:wooden_pickaxe":10},"minecraft:crafted":{"minecraft:cherry_planks":36,"minecraft:crafting_table":1,"minecraft:stick":4,"minecraft:wooden_pickaxe":1,"minecraft:stone_pickaxe":1},"minecraft:custom":{"minecraft:time_since_rest":8554,"minecraft:play_time":8554,"minecraft:sprint_one_cm":853,"minecraft:damage_taken":30,"minecraft:walk_one_cm":30882,"minecraft:jump":77,"minecraft:damage_dealt":10,"minecraft:leave_game":3,"minecraft:time_since_death":8554,"minecraft:total_world_time":8554,"minecraft:interact_with_crafting_table":2,"minecraft:fall_one_cm":1405,"minecraft:fly_one_cm":870},"minecraft:picked_up":{"minecraft:stick":1,"minecraft:crafting_table":1,"minecraft:cherry_planks":9,"minecraft:cherry_log":9,"minecraft:cobblestone":16},"minecraft:mined":{"minecraft:short_grass":1,"minecraft:cherry_leaves":2,"minecraft:cherry_planks":9,"minecraft:cherry_log":9,"minecraft:stone":18,"minecraft:powder_snow":1,"minecraft:glow_lichen":2,"minecraft:crafting_table":1}},"DataVersion":3953}