{"stats":{"minecraft:used":{"minecraft:cherry_sapling":1,"minecraft:stone_pickaxe":152,"minecraft:wooden_pickaxe":20,"minecraft:torch":33,"minecraft:stone_axe":116,"minecraft:cobblestone":6,"minecraft:crafting_table":9,"minecraft:furnace":3,"minecraft:cooked_porkchop":4,"minecraft:cooked_beef":3},"minecraft:custom":{"minecraft:time_since_rest":34832,"minecraft:interact_with_furnace":15,"minecraft:sprint_one_cm":85170,"minecraft:damage_taken":853,"minecraft:walk_one_cm":135960,"minecraft:mob_kills":19,"minecraft:damage_dealt":2317,"minecraft:interact_with_crafting_table":12,"minecraft:fly_one_cm":61133,"minecraft:crouch_one_cm":183,"minecraft:play_time":56437,"minecraft:deaths":1,"minecraft:sneak_time":96,"minecraft:jump":567,"minecraft:leave_game":3,"minecraft:walk_on_water_one_cm":2465,"minecraft:time_since_death":34727,"minecraft:total_world_time":56437,"minecraft:fall_one_cm":12758},"minecraft:crafted":{"minecraft:cooked_beef":10,"minecraft:cherry_planks":20,"minecraft:oak_planks":20,"minecraft:cooked_porkchop":11,"minecraft:crafting_table":2,"minecraft:stick":44,"minecraft:iron_ingot":5,"minecraft:wooden_pickaxe":2,"minecraft:stone_pickaxe":2,"minecraft:stone_sword":1,"minecraft:furnace":2,"minecraft:torch":56,"minecraft:stone_axe":2,"minecraft:air":0},"minecraft:picked_up":{"minecraft:raw_iron":5,"minecraft:pink_petals":3,"minecraft:stick":2,"minecraft:crafting_table":8,"minecraft:leather":9,"minecraft:torch":3,"minecraft:porkchop":11,"minecraft:oak_log":16,"minecraft:cherry_log":5,"minecraft:dirt":21,"minecraft:rotten_flesh":2,"minecraft:wheat_seeds":4,"minecraft:beef":14,"minecraft:cherry_sapling":1,"minecraft:coal":86,"minecraft:birch_log":5,"minecraft:cobblestone":84,"minecraft:furnace":2},"minecraft:killed":{"minecraft:zombie":2,"minecraft:pig":7,"minecraft:spider":2,"minecraft:cow":8},"minecraft:mined":{"minecraft:pink_petals":1,"minecraft:furnace":2,"minecraft:iron_ore":5,"minecraft:birch_log":5,"minecraft:fire":1,"minecraft:cherry_log":5,"minecraft:birch_leaves":1,"minecraft:powder_snow":4,"minecraft:torch":3,"minecraft:crafting_table":8,"minecraft:grass_block":10,"minecraft:short_grass":20,"minecraft:coal_ore":59,"minecraft:oak_log":17,"minecraft:cherry_leaves":2,"minecraft:dirt":11,"minecraft:cobblestone":1,"minecraft:stone":86,"minecraft:oak_leaves":23},"minecraft:broken":{"minecraft:stone_axe":1}},"DataVersion":3953}