{"stats":{"minecraft:crafted":{"minecraft:oak_planks":12,"minecraft:crafting_table":1,"minecraft:stick":8,"minecraft:wooden_pickaxe":1,"minecraft:stone_pickaxe":1},"minecraft:custom":{"minecraft:time_since_rest":7605,"minecraft:crouch_one_cm":183,"minecraft:play_time":7605,"minecraft:sprint_one_cm":13328,"minecraft:damage_taken":40,"minecraft:walk_one_cm":13509,"minecraft:sneak_time":96,"minecraft:mob_kills":1,"minecraft:jump":68,"minecraft:damage_dealt":155,"minecraft:leave_game":1,"minecraft:time_since_death":7605,"minecraft:total_world_time":7605,"minecraft:interact_with_crafting_table":2,"minecraft:fall_one_cm":1370,"minecraft:fly_one_cm":7148},"minecraft:killed":{"minecraft:spider":1},"minecraft:used":{"minecraft:crafting_table":2,"minecraft:stone_pickaxe":22,"minecraft:wooden_pickaxe":6},"minecraft:mined":{"minecraft:pink_petals":1,"minecraft:coal_ore":4,"minecraft:short_grass":5,"minecraft:oak_log":6,"minecraft:stone":24,"minecraft:powder_snow":4,"minecraft:oak_leaves":4,"minecraft:crafting_table":2},"minecraft:picked_up":{"minecraft:pink_petals":3,"minecraft:crafting_table":2,"minecraft:wheat_seeds":1,"minecraft:oak_log":5,"minecraft:coal":3,"minecraft:cobblestone":24}},"DataVersion":3953}