{"stats":{"minecraft:broken":{"minecraft:stone_pickaxe":1,"minecraft:stone_axe":3},"minecraft:killed":{"minecraft:pig":32,"minecraft:zombie_villager":1,"minecraft:rabbit":1,"minecraft:spider":3,"minecraft:sheep":17,"minecraft:zombie":7,"minecraft:chicken":6,"minecraft:drowned":1,"minecraft:cow":23},"minecraft:crafted":{"minecraft:cooked_beef":10,"minecraft:cherry_planks":20,"minecraft:oak_planks":136,"minecraft:cooked_porkchop":18,"minecraft:crafting_table":3,"minecraft:birch_boat":1,"minecraft:wooden_pickaxe":3,"minecraft:cooked_chicken":7,"minecraft:iron_sword":1,"minecraft:furnace":4,"minecraft:bucket":1,"minecraft:birch_planks":20,"minecraft:stone_axe":7,"minecraft:bread":45,"minecraft:cooked_mutton":6,"minecraft:air":0,"minecraft:oak_boat":1,"minecraft:stick":152,"minecraft:iron_ingot":13,"minecraft:iron_pickaxe":2,"minecraft:stone_pickaxe":5,"minecraft:stone_sword":2,"minecraft:white_bed":1,"minecraft:torch":216,"minecraft:cooked_rabbit":1,"minecraft:wheat":135},"minecraft:used":{"minecraft:cooked_mutton":4,"minecraft:water_bucket":3,"minecraft:cherry_sapling":1,"minecraft:diorite":1,"minecraft:stone_sword":20,"minecraft:stone_pickaxe":287,"minecraft:oak_planks":72,"minecraft:birch_boat":2,"minecraft:chest":1,"minecraft:wooden_pickaxe":39,"minecraft:iron_sword":46,"minecraft:cooked_chicken":7,"minecraft:torch":186,"minecraft:dirt":22,"minecraft:crafting_table":22,"minecraft:white_bed":1,"minecraft:bread":7,"minecraft:brown_wool":1,"minecraft:iron_pickaxe":67,"minecraft:stone_axe":406,"minecraft:cobblestone":32,"minecraft:furnace":8,"minecraft:cooked_porkchop":9,"minecraft:cooked_rabbit":1,"minecraft:bucket":4,"minecraft:yellow_bed":1,"minecraft:oak_boat":4,"minecraft:cooked_beef":10},"minecraft:dropped":{"minecraft:oak_sapling":1,"minecraft:sunflower":4,"minecraft:iron_pickaxe":1},"minecraft:killed_by":{"minecraft:player":1,"minecraft:skeleton":1},"minecraft:mined":{"minecraft:glass_pane":1,"minecraft:mossy_cobblestone":1,"minecraft:dark_oak_leaves":1,"minecraft:cherry_log":5,"minecraft:powder_snow":4,"minecraft:crafting_table":21,"minecraft:torch":9,"minecraft:short_grass":59,"minecraft:grass_block":24,"minecraft:brown_wool":1,"minecraft:chest":1,"minecraft:tall_grass":3,"minecraft:cobblestone":5,"minecraft:oak_planks":18,"minecraft:sugar_cane":4,"minecraft:diorite":6,"minecraft:wall_torch":3,"minecraft:pink_petals":6,"minecraft:hay_block":15,"minecraft:furnace":7,"minecraft:wheat":3,"minecraft:birch_log":10,"minecraft:iron_ore":18,"minecraft:fire":1,"minecraft:birch_leaves":12,"minecraft:yellow_bed":1,"minecraft:potatoes":1,"minecraft:coal_ore":138,"minecraft:oak_log":47,"minecraft:cherry_leaves":2,"minecraft:sunflower":6,"minecraft:sand":2,"minecraft:dirt":32,"minecraft:bamboo":2,"minecraft:red_mushroom_block":1,"minecraft:stone":170,"minecraft:fern":1,"minecraft:oak_leaves":48},"minecraft:custom":{"minecraft:interact_with_furnace":44,"minecraft:mob_kills":91,"minecraft:interact_with_crafting_table":34,"minecraft:bell_ring":14,"minecraft:sleep_in_bed":3,"minecraft:leave_game":4,"minecraft:time_since_death":86703,"minecraft:climb_one_cm":1286,"minecraft:time_since_rest":49894,"minecraft:sprint_one_cm":393534,"minecraft:damage_taken":3125,"minecraft:walk_one_cm":445273,"minecraft:drop":3,"minecraft:damage_dealt":9689,"minecraft:swim_one_cm":33502,"minecraft:fly_one_cm":395005,"minecraft:open_chest":10,"minecraft:crouch_one_cm":666,"minecraft:play_time":203706,"minecraft:deaths":3,"minecraft:sneak_time":437,"minecraft:walk_under_water_one_cm":12569,"minecraft:boat_one_cm":209182,"minecraft:jump":3061,"minecraft:walk_on_water_one_cm":36247,"minecraft:total_world_time":203706,"minecraft:fall_one_cm":75495},"minecraft:picked_up":{"minecraft:birch_log":10,"minecraft:pink_petals":21,"minecraft:crafting_table":21,"minecraft:feather":8,"minecraft:chicken":7,"minecraft:cherry_planks":1,"minecraft:brown_wool":3,"minecraft:leather":26,"minecraft:wooden_pickaxe":1,"minecraft:potato":1,"minecraft:oak_log":49,"minecraft:yellow_bed":1,"minecraft:dirt":67,"minecraft:bone":4,"minecraft:wheat_seeds":16,"minecraft:rabbit_hide":1,"minecraft:beef":63,"minecraft:stone_pickaxe":1,"minecraft:oak_boat":3,"minecraft:light_gray_wool":1,"minecraft:rabbit":1,"minecraft:iron_pickaxe":2,"minecraft:bamboo":11,"minecraft:sugar_cane":20,"minecraft:chest":1,"minecraft:oak_planks":27,"minecraft:furnace":8,"minecraft:stick":44,"minecraft:raw_iron":18,"minecraft:birch_boat":2,"minecraft:torch":17,"minecraft:sand":2,"minecraft:gravel":2,"minecraft:porkchop":61,"minecraft:cherry_log":5,"minecraft:diorite":11,"minecraft:mossy_cobblestone":1,"minecraft:spider_eye":1,"minecraft:arrow":1,"minecraft:rotten_flesh":9,"minecraft:stone_axe":1,"minecraft:hay_block":15,"minecraft:cherry_sapling":1,"minecraft:gray_wool":4,"minecraft:oak_sapling":5,"minecraft:mutton":31,"minecraft:coal":200,"minecraft:white_wool":29,"minecraft:cobblestone":171,"minecraft:sunflower":4}},"DataVersion":3953}