{"stats":{"minecraft:used":{"minecraft:cherry_sapling":1,"minecraft:diorite":1,"minecraft:stone_pickaxe":153,"minecraft:oak_planks":4,"minecraft:wooden_pickaxe":20,"minecraft:torch":102,"minecraft:crafting_table":12,"minecraft:brown_wool":1,"minecraft:iron_pickaxe":36,"minecraft:stone_axe":302,"minecraft:cobblestone":6,"minecraft:furnace":3,"minecraft:cooked_porkchop":9,"minecraft:cooked_beef":10},"minecraft:custom":{"minecraft:interact_with_furnace":16,"minecraft:mob_kills":64,"minecraft:interact_with_crafting_table":17,"minecraft:leave_game":3,"minecraft:time_since_death":8046,"minecraft:time_since_rest":8243,"minecraft:sprint_one_cm":234046,"minecraft:damage_taken":1918,"minecraft:walk_one_cm":264671,"minecraft:drop":2,"minecraft:damage_dealt":6876,"minecraft:swim_one_cm":5687,"minecraft:fly_one_cm":185786,"minecraft:crouch_one_cm":185,"minecraft:play_time":110437,"minecraft:deaths":2,"minecraft:sneak_time":112,"minecraft:walk_under_water_one_cm":7470,"minecraft:jump":1457,"minecraft:walk_on_water_one_cm":11397,"minecraft:total_world_time":110437,"minecraft:fall_one_cm":33505},"minecraft:crafted":{"minecraft:cooked_beef":10,"minecraft:cherry_planks":20,"minecraft:oak_planks":60,"minecraft:cooked_porkchop":11,"minecraft:crafting_table":2,"minecraft:wooden_pickaxe":2,"minecraft:furnace":2,"minecraft:stone_axe":5,"minecraft:air":0,"minecraft:stick":104,"minecraft:iron_ingot":5,"minecraft:iron_pickaxe":1,"minecraft:stone_pickaxe":3,"minecraft:stone_sword":1,"minecraft:torch":120},"minecraft:picked_up":{"minecraft:birch_log":5,"minecraft:pink_petals":3,"minecraft:crafting_table":11,"minecraft:brown_wool":2,"minecraft:leather":26,"minecraft:oak_log":27,"minecraft:dirt":25,"minecraft:bone":1,"minecraft:wheat_seeds":6,"minecraft:beef":43,"minecraft:iron_pickaxe":1,"minecraft:sugar_cane":10,"minecraft:oak_planks":1,"minecraft:furnace":3,"minecraft:stick":2,"minecraft:raw_iron":9,"minecraft:torch":7,"minecraft:gravel":1,"minecraft:porkchop":45,"minecraft:cherry_log":5,"minecraft:diorite":6,"minecraft:arrow":1,"minecraft:rotten_flesh":4,"minecraft:cherry_sapling":1,"minecraft:gray_wool":2,"minecraft:oak_sapling":3,"minecraft:mutton":21,"minecraft:coal":127,"minecraft:white_wool":12,"minecraft:cobblestone":98},"minecraft:killed":{"minecraft:pig":24,"minecraft:spider":2,"minecraft:sheep":11,"minecraft:zombie":4,"minecraft:cow":23},"minecraft:mined":{"minecraft:dark_oak_leaves":1,"minecraft:cherry_log":5,"minecraft:powder_snow":4,"minecraft:crafting_table":11,"minecraft:torch":4,"minecraft:short_grass":30,"minecraft:grass_block":13,"minecraft:brown_wool":1,"minecraft:cobblestone":1,"minecraft:oak_planks":1,"minecraft:sugar_cane":4,"minecraft:diorite":6,"minecraft:wall_torch":1,"minecraft:pink_petals":1,"minecraft:furnace":3,"minecraft:birch_log":5,"minecraft:iron_ore":9,"minecraft:fire":1,"minecraft:birch_leaves":9,"minecraft:oak_log":28,"minecraft:coal_ore":67,"minecraft:cherry_leaves":2,"minecraft:dirt":12,"minecraft:red_mushroom_block":1,"minecraft:stone":101,"minecraft:oak_leaves":35},"minecraft:dropped":{"minecraft:oak_sapling":1,"minecraft:iron_pickaxe":1},"minecraft:killed_by":{"minecraft:player":1},"minecraft:broken":{"minecraft:stone_axe":3}},"DataVersion":3953}