{"stats":{"minecraft:broken":{"minecraft:stone_axe":3},"minecraft:killed":{"minecraft:pig":28,"minecraft:zombie_villager":1,"minecraft:rabbit":1,"minecraft:spider":3,"minecraft:sheep":16,"minecraft:zombie":6,"minecraft:chicken":6,"minecraft:drowned":1,"minecraft:cow":23},"minecraft:crafted":{"minecraft:cooked_beef":10,"minecraft:cherry_planks":20,"minecraft:oak_planks":132,"minecraft:cooked_porkchop":18,"minecraft:crafting_table":3,"minecraft:wooden_pickaxe":3,"minecraft:cooked_chicken":7,"minecraft:iron_sword":1,"minecraft:furnace":3,"minecraft:bucket":1,"minecraft:birch_planks":12,"minecraft:stone_axe":6,"minecraft:bread":45,"minecraft:cooked_mutton":6,"minecraft:air":0,"minecraft:oak_boat":1,"minecraft:stick":136,"minecraft:iron_ingot":13,"minecraft:iron_pickaxe":2,"minecraft:stone_pickaxe":4,"minecraft:stone_sword":2,"minecraft:white_bed":1,"minecraft:torch":172,"minecraft:cooked_rabbit":1,"minecraft:wheat":135},"minecraft:used":{"minecraft:cooked_mutton":4,"minecraft:cherry_sapling":1,"minecraft:diorite":1,"minecraft:stone_sword":20,"minecraft:stone_pickaxe":254,"minecraft:oak_planks":72,"minecraft:chest":1,"minecraft:wooden_pickaxe":39,"minecraft:iron_sword":28,"minecraft:cooked_chicken":1,"minecraft:torch":155,"minecraft:dirt":22,"minecraft:crafting_table":19,"minecraft:white_bed":1,"minecraft:bread":2,"minecraft:brown_wool":1,"minecraft:iron_pickaxe":36,"minecraft:stone_axe":401,"minecraft:cobblestone":16,"minecraft:furnace":7,"minecraft:cooked_porkchop":9,"minecraft:cooked_rabbit":1,"minecraft:bucket":1,"minecraft:yellow_bed":1,"minecraft:oak_boat":4,"minecraft:cooked_beef":10},"minecraft:dropped":{"minecraft:oak_sapling":1,"minecraft:sunflower":4,"minecraft:iron_pickaxe":1},"minecraft:killed_by":{"minecraft:player":1,"minecraft:skeleton":1},"minecraft:mined":{"minecraft:glass_pane":1,"minecraft:mossy_cobblestone":1,"minecraft:dark_oak_leaves":1,"minecraft:cherry_log":5,"minecraft:powder_snow":4,"minecraft:crafting_table":18,"minecraft:torch":7,"minecraft:short_grass":55,"minecraft:grass_block":23,"minecraft:brown_wool":1,"minecraft:chest":1,"minecraft:tall_grass":3,"minecraft:cobblestone":3,"minecraft:oak_planks":18,"minecraft:sugar_cane":4,"minecraft:diorite":6,"minecraft:wall_torch":2,"minecraft:pink_petals":6,"minecraft:hay_block":15,"minecraft:furnace":6,"minecraft:wheat":3,"minecraft:birch_log":10,"minecraft:iron_ore":18,"minecraft:fire":1,"minecraft:birch_leaves":12,"minecraft:yellow_bed":1,"minecraft:potatoes":1,"minecraft:coal_ore":106,"minecraft:oak_log":47,"minecraft:cherry_leaves":2,"minecraft:sunflower":6,"minecraft:dirt":31,"minecraft:red_mushroom_block":1,"minecraft:stone":147,"minecraft:oak_leaves":42},"minecraft:custom":{"minecraft:interact_with_furnace":43,"minecraft:mob_kills":85,"minecraft:interact_with_crafting_table":30,"minecraft:bell_ring":14,"minecraft:sleep_in_bed":3,"minecraft:leave_game":4,"minecraft:time_since_death":59703,"minecraft:time_since_rest":22894,"minecraft:sprint_one_cm":347606,"minecraft:damage_taken":2561,"minecraft:walk_one_cm":405543,"minecraft:drop":3,"minecraft:damage_dealt":8983,"minecraft:swim_one_cm":5687,"minecraft:fly_one_cm":325739,"minecraft:open_chest":10,"minecraft:crouch_one_cm":666,"minecraft:play_time":176706,"minecraft:deaths":3,"minecraft:sneak_time":403,"minecraft:walk_under_water_one_cm":8053,"minecraft:boat_one_cm":198932,"minecraft:jump":2550,"minecraft:walk_on_water_one_cm":16491,"minecraft:total_world_time":176706,"minecraft:fall_one_cm":60747},"minecraft:picked_up":{"minecraft:birch_log":10,"minecraft:pink_petals":21,"minecraft:crafting_table":18,"minecraft:feather":8,"minecraft:chicken":7,"minecraft:cherry_planks":1,"minecraft:brown_wool":3,"minecraft:leather":26,"minecraft:wooden_pickaxe":1,"minecraft:potato":1,"minecraft:oak_log":49,"minecraft:yellow_bed":1,"minecraft:dirt":65,"minecraft:bone":4,"minecraft:wheat_seeds":13,"minecraft:rabbit_hide":1,"minecraft:beef":63,"minecraft:stone_pickaxe":1,"minecraft:oak_boat":3,"minecraft:light_gray_wool":1,"minecraft:rabbit":1,"minecraft:iron_pickaxe":2,"minecraft:sugar_cane":20,"minecraft:chest":1,"minecraft:oak_planks":27,"minecraft:furnace":7,"minecraft:stick":44,"minecraft:raw_iron":18,"minecraft:torch":12,"minecraft:gravel":2,"minecraft:porkchop":53,"minecraft:cherry_log":5,"minecraft:diorite":11,"minecraft:mossy_cobblestone":1,"minecraft:spider_eye":1,"minecraft:arrow":1,"minecraft:rotten_flesh":8,"minecraft:stone_axe":1,"minecraft:hay_block":15,"minecraft:cherry_sapling":1,"minecraft:gray_wool":4,"minecraft:oak_sapling":5,"minecraft:mutton":29,"minecraft:coal":168,"minecraft:white_wool":28,"minecraft:cobblestone":146,"minecraft:sunflower":4}},"DataVersion":3953}