{"stats":{"minecraft:broken":{"minecraft:stone_axe":3},"minecraft:killed":{"minecraft:pig":28,"minecraft:zombie_villager":1,"minecraft:rabbit":1,"minecraft:spider":3,"minecraft:sheep":14,"minecraft:zombie":5,"minecraft:chicken":6,"minecraft:cow":23},"minecraft:crafted":{"minecraft:cooked_beef":10,"minecraft:cherry_planks":20,"minecraft:oak_planks":80,"minecraft:cooked_porkchop":11,"minecraft:crafting_table":3,"minecraft:wooden_pickaxe":3,"minecraft:cooked_chicken":1,"minecraft:iron_sword":1,"minecraft:furnace":3,"minecraft:bucket":1,"minecraft:stone_axe":6,"minecraft:cooked_mutton":4,"minecraft:air":0,"minecraft:oak_boat":1,"minecraft:stick":116,"minecraft:iron_ingot":13,"minecraft:iron_pickaxe":2,"minecraft:stone_pickaxe":4,"minecraft:stone_sword":2,"minecraft:torch":124,"minecraft:cooked_rabbit":1},"minecraft:used":{"minecraft:cooked_mutton":2,"minecraft:cherry_sapling":1,"minecraft:diorite":1,"minecraft:stone_sword":20,"minecraft:stone_pickaxe":196,"minecraft:oak_planks":4,"minecraft:wooden_pickaxe":39,"minecraft:iron_sword":10,"minecraft:cooked_chicken":1,"minecraft:torch":104,"minecraft:dirt":9,"minecraft:crafting_table":17,"minecraft:brown_wool":1,"minecraft:iron_pickaxe":36,"minecraft:stone_axe":364,"minecraft:cobblestone":6,"minecraft:furnace":6,"minecraft:cooked_porkchop":9,"minecraft:cooked_rabbit":1,"minecraft:bucket":1,"minecraft:oak_boat":1,"minecraft:cooked_beef":10},"minecraft:dropped":{"minecraft:oak_sapling":1,"minecraft:sunflower":4,"minecraft:iron_pickaxe":1},"minecraft:killed_by":{"minecraft:player":1,"minecraft:skeleton":1},"minecraft:mined":{"minecraft:dark_oak_leaves":1,"minecraft:cherry_log":5,"minecraft:powder_snow":4,"minecraft:crafting_table":16,"minecraft:torch":5,"minecraft:short_grass":50,"minecraft:grass_block":22,"minecraft:brown_wool":1,"minecraft:chest":1,"minecraft:tall_grass":2,"minecraft:cobblestone":1,"minecraft:oak_planks":1,"minecraft:sugar_cane":4,"minecraft:diorite":6,"minecraft:wall_torch":1,"minecraft:pink_petals":6,"minecraft:furnace":6,"minecraft:birch_log":10,"minecraft:iron_ore":17,"minecraft:fire":1,"minecraft:birch_leaves":12,"minecraft:coal_ore":72,"minecraft:oak_log":34,"minecraft:cherry_leaves":2,"minecraft:sunflower":6,"minecraft:dirt":18,"minecraft:red_mushroom_block":1,"minecraft:stone":129,"minecraft:oak_leaves":38},"minecraft:custom":{"minecraft:interact_with_furnace":30,"minecraft:mob_kills":81,"minecraft:interact_with_crafting_table":27,"minecraft:leave_game":4,"minecraft:time_since_death":23703,"minecraft:time_since_rest":23733,"minecraft:sprint_one_cm":281549,"minecraft:damage_taken":2348,"minecraft:walk_one_cm":317862,"minecraft:drop":3,"minecraft:damage_dealt":8423,"minecraft:swim_one_cm":5687,"minecraft:fly_one_cm":243321,"minecraft:open_chest":1,"minecraft:crouch_one_cm":185,"minecraft:play_time":140706,"minecraft:deaths":3,"minecraft:sneak_time":112,"minecraft:walk_under_water_one_cm":8053,"minecraft:boat_one_cm":19147,"minecraft:jump":1905,"minecraft:walk_on_water_one_cm":11939,"minecraft:total_world_time":140706,"minecraft:fall_one_cm":45512},"minecraft:picked_up":{"minecraft:birch_log":10,"minecraft:pink_petals":21,"minecraft:crafting_table":16,"minecraft:feather":8,"minecraft:chicken":7,"minecraft:cherry_planks":1,"minecraft:brown_wool":3,"minecraft:leather":26,"minecraft:wooden_pickaxe":1,"minecraft:oak_log":36,"minecraft:dirt":53,"minecraft:bone":4,"minecraft:wheat_seeds":10,"minecraft:rabbit_hide":1,"minecraft:beef":63,"minecraft:stone_pickaxe":1,"minecraft:light_gray_wool":1,"minecraft:rabbit":1,"minecraft:iron_pickaxe":2,"minecraft:sugar_cane":20,"minecraft:chest":1,"minecraft:oak_planks":10,"minecraft:furnace":7,"minecraft:stick":44,"minecraft:raw_iron":17,"minecraft:torch":8,"minecraft:gravel":2,"minecraft:porkchop":53,"minecraft:cherry_log":5,"minecraft:diorite":11,"minecraft:spider_eye":1,"minecraft:arrow":1,"minecraft:rotten_flesh":7,"minecraft:stone_axe":1,"minecraft:cherry_sapling":1,"minecraft:gray_wool":4,"minecraft:oak_sapling":5,"minecraft:mutton":25,"minecraft:coal":136,"minecraft:white_wool":26,"minecraft:cobblestone":126,"minecraft:sunflower":4}},"DataVersion":3953}