{"stats":{"minecraft:dropped":{"minecraft:pink_petals":5},"minecraft:killed":{"minecraft:sheep":1,"minecraft:zombie":1,"minecraft:cow":1},"minecraft:mined":{"minecraft:pink_petals":2,"minecraft:short_grass":12,"minecraft:tall_grass":6,"minecraft:powder_snow":6},"minecraft:picked_up":{"minecraft:pink_petals":5,"minecraft:rotten_flesh":1,"minecraft:leather":1,"minecraft:wheat_seeds":5,"minecraft:beef":1},"minecraft:custom":{"minecraft:time_since_rest":2291,"minecraft:play_time":17717,"minecraft:sprint_one_cm":31421,"minecraft:deaths":2,"minecraft:damage_taken":511,"minecraft:walk_one_cm":16848,"minecraft:sneak_time":3,"minecraft:mob_kills":3,"minecraft:drop":1,"minecraft:jump":268,"minecraft:damage_dealt":502,"minecraft:leave_game":1,"minecraft:time_since_death":2257,"minecraft:total_world_time":17717,"minecraft:fall_one_cm":11819,"minecraft:fly_one_cm":59027}},"DataVersion":3953}