{"stats":{"minecraft:custom":{"minecraft:mob_kills":254,"minecraft:interact_with_crafting_table":117,"minecraft:open_barrel":2,"minecraft:interact_with_campfire":2,"minecraft:leave_game":30,"minecraft:time_since_death":71700,"minecraft:climb_one_cm":31541,"minecraft:sprint_one_cm":1892301,"minecraft:walk_one_cm":2525122,"minecraft:damage_blocked_by_shield":6694,"minecraft:drop":121,"minecraft:play_time":918836,"minecraft:deaths":31,"minecraft:sneak_time":10454,"minecraft:walk_under_water_one_cm":85000,"minecraft:boat_one_cm":30351,"minecraft:jump":14022,"minecraft:walk_on_water_one_cm":175102,"minecraft:total_world_time":918836,"minecraft:interact_with_furnace":40,"minecraft:sleep_in_bed":14,"minecraft:time_since_rest":71730,"minecraft:damage_taken":12935,"minecraft:damage_absorbed":40,"minecraft:damage_dealt":38783,"minecraft:swim_one_cm":189810,"minecraft:fly_one_cm":1793973,"minecraft:open_chest":129,"minecraft:crouch_one_cm":20463,"minecraft:fall_one_cm":342046},"minecraft:used":{"minecraft:stone_sword":86,"minecraft:flint_and_steel":1,"minecraft:stone_shovel":208,"minecraft:chest":1,"minecraft:spruce_planks":25,"minecraft:shield":160,"minecraft:iron_sword":392,"minecraft:cooked_chicken":3,"minecraft:rotten_flesh":20,"minecraft:iron_chestplate":4,"minecraft:torch":34,"minecraft:dirt":342,"minecraft:spyglass":11,"minecraft:mutton":12,"minecraft:granite":3,"minecraft:snowball":4,"minecraft:grass_block":1,"minecraft:iron_axe":261,"minecraft:iron_helmet":2,"minecraft:iron_boots":7,"minecraft:diamond_chestplate":2,"minecraft:beef":2,"minecraft:sweet_berries":187,"minecraft:furnace":3,"minecraft:oak_sapling":3,"minecraft:cooked_beef":26,"minecraft:potato":11,"minecraft:cobbled_deepslate":48,"minecraft:iron_leggings":4,"minecraft:cooked_mutton":29,"minecraft:diorite":41,"minecraft:diamond_boots":1,"minecraft:stone_pickaxe":312,"minecraft:oak_planks":29,"minecraft:wooden_pickaxe":151,"minecraft:golden_apple":3,"minecraft:glow_berries":7,"minecraft:crafting_table":21,"minecraft:white_bed":9,"minecraft:spruce_log":70,"minecraft:oak_log":4,"minecraft:diamond_pickaxe":314,"minecraft:apple":1,"minecraft:bread":14,"minecraft:brown_wool":1,"minecraft:iron_pickaxe":2560,"minecraft:spruce_sapling":1,"minecraft:stone_axe":299,"minecraft:diamond_sword":284,"minecraft:cobblestone":326,"minecraft:bucket":1,"minecraft:porkchop":8,"minecraft:cooked_porkchop":1,"minecraft:andesite":8,"minecraft:diamond_leggings":1},"minecraft:crafted":{"minecraft:cherry_planks":20,"minecraft:oak_planks":344,"minecraft:stone_shovel":2,"minecraft:furnace":3,"minecraft:diamond_leggings":1,"minecraft:iron_boots":5,"minecraft:iron_axe":2,"minecraft:stone_pickaxe":6,"minecraft:chest":2,"minecraft:diamond_boots":1,"minecraft:wheat":117,"minecraft:diamond_sword":3,"minecraft:crafting_table":12,"minecraft:spruce_planks":328,"minecraft:wooden_pickaxe":5,"minecraft:iron_helmet":4,"minecraft:iron_sword":3,"minecraft:stone_axe":3,"minecraft:bread":50,"minecraft:air":0,"minecraft:iron_chestplate":5,"minecraft:diamond_pickaxe":3,"minecraft:shield":5,"minecraft:stick":64,"minecraft:iron_ingot":59,"minecraft:iron_pickaxe":12,"minecraft:iron_leggings":3,"minecraft:white_bed":5,"minecraft:torch":32,"minecraft:diamond_chestplate":2},"minecraft:picked_up":{"minecraft:crafting_table":14,"minecraft:iron_chestplate":1,"minecraft:wheat":2,"minecraft:chicken":14,"minecraft:wooden_pickaxe":1,"minecraft:shield":1,"minecraft:string":10,"minecraft:raw_copper":32,"minecraft:iron_axe":2,"minecraft:flint_and_steel":1,"minecraft:iron_leggings":1,"minecraft:armor_stand":2,"minecraft:compass":1,"minecraft:cobbled_deepslate":406,"minecraft:spruce_planks":255,"minecraft:beef":71,"minecraft:poppy":1,"minecraft:iron_pickaxe":3,"minecraft:sugar_cane":39,"minecraft:chest":3,"minecraft:phantom_membrane":1,"minecraft:furnace":2,"minecraft:iron_boots":1,"minecraft:stick":67,"minecraft:raw_iron":265,"minecraft:torch":21,"minecraft:porkchop":56,"minecraft:cherry_log":5,"minecraft:diorite":75,"minecraft:trident":1,"minecraft:redstone":22,"minecraft:iron_horse_armor":1,"minecraft:diamond_chestplate":1,"minecraft:stone_sword":2,"minecraft:arrow":28,"minecraft:rotten_flesh":61,"minecraft:stone_shovel":6,"minecraft:hay_block":19,"minecraft:carved_pumpkin":1,"minecraft:gold_ingot":2,"minecraft:mutton":55,"minecraft:rail":2,"minecraft:snowball":56,"minecraft:white_wool":50,"minecraft:cobblestone":2011,"minecraft:pink_petals":6,"minecraft:feather":15,"minecraft:cherry_planks":16,"minecraft:glow_ink_sac":6,"minecraft:andesite":60,"minecraft:brown_wool":2,"minecraft:black_bed":1,"minecraft:leather":35,"minecraft:potato":18,"minecraft:flint":4,"minecraft:tuff":13,"minecraft:oak_log":216,"minecraft:gunpowder":2,"minecraft:dirt":580,"minecraft:cooked_mutton":17,"minecraft:bone":22,"minecraft:apple":5,"minecraft:bow":1,"minecraft:wheat_seeds":38,"minecraft:iron_ingot":64,"minecraft:stone_pickaxe":1,"minecraft:glass_bottle":2,"minecraft:iron_sword":3,"minecraft:oak_planks":190,"minecraft:soul_sand":7,"minecraft:cooked_porkchop":3,"minecraft:sweet_berries":1061,"minecraft:dandelion":4,"minecraft:spyglass":2,"minecraft:gravel":25,"minecraft:sand":3,"minecraft:stripped_spruce_log":3,"minecraft:spruce_sapling":33,"minecraft:spruce_log":316,"minecraft:white_bed":7,"minecraft:grass_block":1,"minecraft:dark_oak_log":28,"minecraft:red_terracotta":1,"minecraft:spider_eye":5,"minecraft:blue_terracotta":1,"minecraft:diamond":135,"minecraft:stone_axe":7,"minecraft:iron_helmet":1,"minecraft:crossbow":1,"minecraft:granite":44,"minecraft:gray_wool":1,"minecraft:emerald":13,"minecraft:bread":16,"minecraft:oak_sapling":16,"minecraft:black_wool":5,"minecraft:coal":135,"minecraft:diamond_pickaxe":1,"minecraft:ender_pearl":1},"minecraft:killed":{"minecraft:cave_spider":8,"minecraft:witch":3,"minecraft:spider":7,"minecraft:phantom":1,"minecraft:skeleton":43,"minecraft:chicken":10,"minecraft:drowned":1,"minecraft:piglin":1,"minecraft:magma_cube":1,"minecraft:pig":28,"minecraft:zombie_villager":1,"minecraft:iron_golem":1,"minecraft:bat":1,"minecraft:creeper":1,"minecraft:sheep":39,"minecraft:pillager":6,"minecraft:zombie":56,"minecraft:wither_skeleton":5,"minecraft:blaze":3,"minecraft:enderman":3,"minecraft:cow":31},"minecraft:mined":{"minecraft:tuff":21,"minecraft:white_bed":4,"minecraft:deepslate_diamond_ore":133,"minecraft:cherry_log":5,"minecraft:dark_oak_log":30,"minecraft:carved_pumpkin":1,"minecraft:dark_oak_fence":3,"minecraft:granite":45,"minecraft:budding_amethyst":1,"minecraft:grass_block":143,"minecraft:spruce_leaves":69,"minecraft:spawner":10,"minecraft:large_fern":10,"minecraft:hay_block":19,"minecraft:furnace":2,"minecraft:iron_ore":190,"minecraft:cobbled_deepslate":2,"minecraft:andesite":60,"minecraft:stripped_spruce_log":1,"minecraft:deepslate_lapis_ore":12,"minecraft:pointed_dripstone":3,"minecraft:deepslate_iron_ore":66,"minecraft:rail":3,"minecraft:packed_ice":1,"minecraft:stone":1833,"minecraft:soul_sand":2,"minecraft:medium_amethyst_bud":1,"minecraft:snow_block":6,"minecraft:powder_snow":37,"minecraft:crafting_table":13,"minecraft:torch":1,"minecraft:short_grass":62,"minecraft:emerald_ore":5,"minecraft:calcite":7,"minecraft:chest":2,"minecraft:sculk_sensor":1,"minecraft:cobblestone":43,"minecraft:copper_ore":18,"minecraft:tall_grass":17,"minecraft:deepslate_coal_ore":3,"minecraft:lapis_ore":4,"minecraft:oak_planks":3,"minecraft:sugar_cane":11,"minecraft:sculk":15,"minecraft:diorite":80,"minecraft:wall_torch":17,"minecraft:amethyst_block":8,"minecraft:pink_petals":2,"minecraft:sweet_berry_bush":93,"minecraft:spruce_log":285,"minecraft:birch_leaves":2,"minecraft:black_bed":1,"minecraft:black_wool":1,"minecraft:oak_log":170,"minecraft:coal_ore":97,"minecraft:dripstone_block":2,"minecraft:gravel":24,"minecraft:sand":6,"minecraft:dirt":297,"minecraft:cobweb":134,"minecraft:smooth_basalt":9,"minecraft:oak_leaves":31,"minecraft:deepslate":515,"minecraft:fern":4},"minecraft:dropped":{"minecraft:iron_ingot":83,"minecraft:stripped_spruce_log":3,"minecraft:iron_sword":1,"minecraft:wheat_seeds":2,"minecraft:golden_horse_armor":1,"minecraft:diamond":5,"minecraft:feather":3,"minecraft:cobblestone":4,"minecraft:black_bed":1,"minecraft:leather":3,"minecraft:iron_horse_armor":2,"minecraft:flint":4,"minecraft:stick":2,"minecraft:dirt":7,"minecraft:diorite":9,"minecraft:cherry_planks":7,"minecraft:snowball":16,"minecraft:phantom_membrane":1,"minecraft:iron_axe":1,"minecraft:iron_pickaxe":2,"minecraft:glistering_melon_slice":8,"minecraft:string":8,"minecraft:pink_petals":5,"minecraft:tripwire_hook":1,"minecraft:white_wool":1,"minecraft:spruce_sapling":9,"minecraft:bone":5,"minecraft:gravel":16,"minecraft:stone_axe":2,"minecraft:compass":1,"minecraft:sugar_cane":25,"minecraft:spyglass":1,"minecraft:cobbled_deepslate":2,"minecraft:raw_copper":32,"minecraft:tuff":1,"minecraft:wheat":4,"minecraft:stone_shovel":1,"minecraft:chicken":6,"minecraft:oak_planks":15,"minecraft:iron_boots":1,"minecraft:white_bed":2,"minecraft:red_terracotta":1,"minecraft:flint_and_steel":1,"minecraft:poppy":1,"minecraft:diamond_chestplate":1,"minecraft:diamond_pickaxe":1,"minecraft:iron_chestplate":1,"minecraft:andesite":26,"minecraft:oak_sapling":2,"minecraft:golden_sword":1,"minecraft:spruce_log":64,"minecraft:bow":1,"minecraft:arrow":2},"minecraft:killed_by":{"minecraft:player":4,"minecraft:creeper":1,"minecraft:spider":3,"minecraft:skeleton":2,"minecraft:witch":1,"minecraft:zombie":12},"minecraft:broken":{"minecraft:stone_pickaxe":2,"minecraft:iron_sword":1,"minecraft:stone_axe":2,"minecraft:iron_pickaxe":8,"minecraft:stone_shovel":2}},"DataVersion":3953}