{"stats":{"minecraft:broken":{"minecraft:stone_pickaxe":1,"minecraft:stone_axe":1,"minecraft:iron_pickaxe":1},"minecraft:killed":{"minecraft:witch":2,"minecraft:spider":4,"minecraft:phantom":1,"minecraft:skeleton":1,"minecraft:chicken":7,"minecraft:pig":14,"minecraft:iron_golem":1,"minecraft:sheep":20,"minecraft:pillager":6,"minecraft:zombie":12,"minecraft:cow":22},"minecraft:crafted":{"minecraft:cherry_planks":20,"minecraft:oak_planks":284,"minecraft:furnace":1,"minecraft:iron_boots":2,"minecraft:iron_axe":1,"minecraft:stone_pickaxe":3,"minecraft:chest":1,"minecraft:diamond_sword":1,"minecraft:crafting_table":6,"minecraft:wooden_pickaxe":2,"minecraft:iron_helmet":2,"minecraft:bread":1,"minecraft:air":0,"minecraft:iron_chestplate":2,"minecraft:diamond_pickaxe":1,"minecraft:stick":16,"minecraft:iron_ingot":11,"minecraft:iron_pickaxe":2,"minecraft:iron_leggings":2,"minecraft:white_bed":4,"minecraft:diamond_chestplate":1},"minecraft:used":{"minecraft:stone_sword":86,"minecraft:stone_shovel":50,"minecraft:shield":13,"minecraft:rotten_flesh":20,"minecraft:iron_chestplate":3,"minecraft:torch":3,"minecraft:dirt":54,"minecraft:spyglass":11,"minecraft:mutton":12,"minecraft:granite":1,"minecraft:snowball":4,"minecraft:iron_axe":55,"minecraft:iron_helmet":1,"minecraft:iron_boots":3,"minecraft:diamond_chestplate":1,"minecraft:beef":2,"minecraft:oak_sapling":3,"minecraft:furnace":1,"minecraft:cooked_beef":4,"minecraft:potato":3,"minecraft:cobbled_deepslate":45,"minecraft:iron_leggings":2,"minecraft:cooked_mutton":7,"minecraft:diorite":21,"minecraft:stone_pickaxe":164,"minecraft:oak_planks":29,"minecraft:wooden_pickaxe":81,"minecraft:crafting_table":12,"minecraft:white_bed":7,"minecraft:diamond_pickaxe":61,"minecraft:bread":2,"minecraft:brown_wool":1,"minecraft:iron_pickaxe":420,"minecraft:stone_axe":51,"minecraft:diamond_sword":89,"minecraft:cobblestone":38,"minecraft:cooked_porkchop":1,"minecraft:porkchop":8,"minecraft:andesite":8},"minecraft:killed_by":{"minecraft:player":4,"minecraft:creeper":1,"minecraft:spider":3,"minecraft:skeleton":1,"minecraft:witch":1,"minecraft:zombie":10},"minecraft:dropped":{"minecraft:wheat_seeds":1,"minecraft:diamond":3,"minecraft:golden_horse_armor":1,"minecraft:feather":2,"minecraft:leather":1,"minecraft:iron_horse_armor":2,"minecraft:diorite":9,"minecraft:cherry_planks":4,"minecraft:phantom_membrane":1,"minecraft:iron_axe":1,"minecraft:string":8,"minecraft:pink_petals":5,"minecraft:tripwire_hook":1,"minecraft:bone":5,"minecraft:stone_axe":1,"minecraft:sugar_cane":6,"minecraft:spyglass":1,"minecraft:chicken":2,"minecraft:oak_planks":15,"minecraft:white_bed":2,"minecraft:poppy":1,"minecraft:andesite":26},"minecraft:mined":{"minecraft:tuff":11,"minecraft:white_bed":3,"minecraft:deepslate_diamond_ore":14,"minecraft:cherry_log":5,"minecraft:dark_oak_log":30,"minecraft:carved_pumpkin":1,"minecraft:dark_oak_fence":3,"minecraft:granite":3,"minecraft:grass_block":11,"minecraft:spawner":1,"minecraft:hay_block":6,"minecraft:furnace":1,"minecraft:iron_ore":60,"minecraft:cobbled_deepslate":2,"minecraft:andesite":5,"minecraft:deepslate_iron_ore":24,"minecraft:packed_ice":1,"minecraft:stone":260,"minecraft:snow_block":6,"minecraft:powder_snow":37,"minecraft:crafting_table":8,"minecraft:short_grass":50,"minecraft:chest":2,"minecraft:tall_grass":16,"minecraft:oak_planks":1,"minecraft:sugar_cane":4,"minecraft:sculk":15,"minecraft:diorite":25,"minecraft:pink_petals":2,"minecraft:sweet_berry_bush":32,"minecraft:oak_log":71,"minecraft:coal_ore":18,"minecraft:gravel":2,"minecraft:dirt":37,"minecraft:oak_leaves":15,"minecraft:deepslate":260},"minecraft:custom":{"minecraft:mob_kills":93,"minecraft:interact_with_crafting_table":38,"minecraft:leave_game":17,"minecraft:time_since_death":8032,"minecraft:sprint_one_cm":675432,"minecraft:walk_one_cm":707184,"minecraft:damage_blocked_by_shield":407,"minecraft:drop":40,"minecraft:play_time":375456,"minecraft:deaths":25,"minecraft:sneak_time":2689,"minecraft:walk_under_water_one_cm":38952,"minecraft:boat_one_cm":30351,"minecraft:jump":6349,"minecraft:walk_on_water_one_cm":81777,"minecraft:total_world_time":375456,"minecraft:interact_with_furnace":8,"minecraft:sleep_in_bed":5,"minecraft:time_since_rest":8151,"minecraft:damage_taken":7425,"minecraft:damage_dealt":12908,"minecraft:swim_one_cm":33697,"minecraft:fly_one_cm":862999,"minecraft:open_chest":25,"minecraft:crouch_one_cm":7245,"minecraft:fall_one_cm":193284},"minecraft:picked_up":{"minecraft:crafting_table":9,"minecraft:wheat":2,"minecraft:chicken":9,"minecraft:wooden_pickaxe":1,"minecraft:shield":1,"minecraft:string":9,"minecraft:iron_axe":1,"minecraft:cobbled_deepslate":270,"minecraft:beef":52,"minecraft:poppy":1,"minecraft:chest":3,"minecraft:sugar_cane":6,"minecraft:phantom_membrane":1,"minecraft:furnace":1,"minecraft:stick":26,"minecraft:raw_iron":82,"minecraft:torch":1,"minecraft:porkchop":27,"minecraft:cherry_log":5,"minecraft:diorite":32,"minecraft:redstone":22,"minecraft:iron_horse_armor":1,"minecraft:stone_shovel":5,"minecraft:stone_sword":1,"minecraft:arrow":2,"minecraft:rotten_flesh":14,"minecraft:hay_block":6,"minecraft:carved_pumpkin":1,"minecraft:mutton":27,"minecraft:snowball":56,"minecraft:white_wool":30,"minecraft:cobblestone":323,"minecraft:pink_petals":6,"minecraft:feather":9,"minecraft:cherry_planks":13,"minecraft:glow_ink_sac":4,"minecraft:andesite":11,"minecraft:brown_wool":2,"minecraft:leather":22,"minecraft:tuff":11,"minecraft:oak_log":97,"minecraft:gunpowder":2,"minecraft:dirt":183,"minecraft:cooked_mutton":17,"minecraft:bone":4,"minecraft:apple":2,"minecraft:wheat_seeds":36,"minecraft:iron_ingot":40,"minecraft:stone_pickaxe":1,"minecraft:glass_bottle":2,"minecraft:oak_planks":190,"minecraft:cooked_porkchop":1,"minecraft:sweet_berries":137,"minecraft:dandelion":4,"minecraft:spyglass":2,"minecraft:gravel":2,"minecraft:white_bed":6,"minecraft:dark_oak_log":28,"minecraft:spider_eye":5,"minecraft:diamond":16,"minecraft:stone_axe":6,"minecraft:crossbow":1,"minecraft:granite":3,"minecraft:oak_sapling":14,"minecraft:black_wool":2,"minecraft:coal":27}},"DataVersion":3953}