{"stats":{"minecraft:broken":{"minecraft:iron_leggings":1,"minecraft:stone_pickaxe":2,"minecraft:stone_axe":2,"minecraft:iron_sword":2,"minecraft:stone_shovel":2,"minecraft:shield":1,"minecraft:iron_axe":1,"minecraft:iron_pickaxe":11,"minecraft:iron_helmet":1},"minecraft:killed":{"minecraft:cave_spider":9,"minecraft:witch":3,"minecraft:spider":18,"minecraft:skeleton":67,"minecraft:chicken":14,"minecraft:silverfish":40,"minecraft:piglin":2,"minecraft:magma_cube":1,"minecraft:pig":30,"minecraft:zombie_villager":1,"minecraft:iron_golem":4,"minecraft:creeper":1,"minecraft:sheep":40,"minecraft:pillager":6,"minecraft:zombie":96,"minecraft:stray":27,"minecraft:blaze":5,"minecraft:cow":34,"minecraft:phantom":1,"minecraft:drowned":1,"minecraft:husk":47,"minecraft:bat":1,"minecraft:breeze":8,"minecraft:wither_skeleton":11,"minecraft:enderman":4},"minecraft:crafted":{"minecraft:oak_planks":508,"minecraft:diamond_shovel":1,"minecraft:warped_planks":60,"minecraft:diamond_helmet":1,"minecraft:iron_boots":6,"minecraft:diamond_leggings":2,"minecraft:bow":1,"minecraft:chest":7,"minecraft:respawn_anchor":1,"minecraft:emerald":28,"minecraft:diamond_axe":1,"minecraft:crafting_table":17,"minecraft:spruce_planks":392,"minecraft:wooden_pickaxe":6,"minecraft:iron_helmet":7,"minecraft:fletching_table":2,"minecraft:iron_chestplate":7,"minecraft:diamond_pickaxe":4,"minecraft:shield":7,"minecraft:stick":92,"minecraft:iron_ingot":172,"minecraft:iron_pickaxe":16,"minecraft:iron_block":4,"minecraft:cherry_planks":20,"minecraft:stone_shovel":2,"minecraft:furnace":5,"minecraft:iron_axe":6,"minecraft:stone_pickaxe":7,"minecraft:diamond_boots":2,"minecraft:spruce_boat":1,"minecraft:wheat":117,"minecraft:diamond_sword":3,"minecraft:iron_sword":6,"minecraft:stone_axe":3,"minecraft:bread":50,"minecraft:air":0,"minecraft:white_wool":6,"minecraft:iron_leggings":6,"minecraft:white_bed":7,"minecraft:torch":32,"minecraft:diamond_chestplate":3},"minecraft:used":{"minecraft:iron_shovel":20,"minecraft:ladder":1,"minecraft:decorated_pot":1,"minecraft:chest":7,"minecraft:shield":247,"minecraft:iron_sword":820,"minecraft:rotten_flesh":66,"minecraft:iron_chestplate":8,"minecraft:mutton":12,"minecraft:snowball":4,"minecraft:spruce_boat":1,"minecraft:waxed_oxidized_copper":2,"minecraft:grass_block":1,"minecraft:iron_helmet":6,"minecraft:bow":93,"minecraft:sweet_berries":303,"minecraft:furnace":6,"minecraft:oak_sapling":3,"minecraft:potato":43,"minecraft:diorite":41,"minecraft:diamond_boots":1,"minecraft:stone_pickaxe":329,"minecraft:oak_planks":39,"minecraft:ender_pearl":1,"minecraft:wooden_pickaxe":167,"minecraft:diamond_axe":3,"minecraft:respawn_anchor":1,"minecraft:golden_apple":10,"minecraft:glow_berries":35,"minecraft:crossbow":6,"minecraft:polished_tuff":4,"minecraft:bread":63,"minecraft:brown_wool":1,"minecraft:gravel":27,"minecraft:diamond_sword":284,"minecraft:andesite":8,"minecraft:waxed_cut_copper_stairs":1,"minecraft:stone_sword":86,"minecraft:flint_and_steel":1,"minecraft:stone_shovel":208,"minecraft:spruce_planks":58,"minecraft:netherrack":6,"minecraft:cooked_chicken":6,"minecraft:trial_key":9,"minecraft:torch":34,"minecraft:dirt":390,"minecraft:spyglass":11,"minecraft:granite":3,"minecraft:iron_axe":541,"minecraft:iron_boots":12,"minecraft:diamond_chestplate":2,"minecraft:beef":2,"minecraft:cooked_beef":26,"minecraft:cobbled_deepslate":48,"minecraft:iron_leggings":9,"minecraft:cooked_mutton":29,"minecraft:baked_potato":1,"minecraft:fletching_table":7,"minecraft:crafting_table":30,"minecraft:white_bed":16,"minecraft:spruce_log":70,"minecraft:oak_log":4,"minecraft:diamond_pickaxe":1252,"minecraft:apple":1,"minecraft:diamond_shovel":29,"minecraft:wind_charge":5,"minecraft:iron_pickaxe":3319,"minecraft:spruce_sapling":1,"minecraft:stone_axe":299,"minecraft:cobblestone":493,"minecraft:potion":3,"minecraft:cooked_porkchop":1,"minecraft:porkchop":9,"minecraft:bucket":1,"minecraft:diamond_leggings":1},"minecraft:killed_by":{"minecraft:wither_skeleton":1,"minecraft:creeper":1,"minecraft:pillager":1,"minecraft:blaze":2,"minecraft:witch":1,"minecraft:zombie":15,"minecraft:husk":2,"minecraft:player":4,"minecraft:spider":3,"minecraft:skeleton":3},"minecraft:dropped":{"minecraft:iron_sword":1,"minecraft:glass_bottle":3,"minecraft:diamond":8,"minecraft:decorated_pot":4,"minecraft:glow_berries":11,"minecraft:black_bed":1,"minecraft:leather":6,"minecraft:iron_horse_armor":2,"minecraft:rail":1,"minecraft:flint":4,"minecraft:dirt":34,"minecraft:mutton":2,"minecraft:snowball":16,"minecraft:phantom_membrane":1,"minecraft:glistering_melon_slice":8,"minecraft:iron_pickaxe":3,"minecraft:white_wool":2,"minecraft:bone":41,"minecraft:gravel":56,"minecraft:stone_axe":2,"minecraft:compass":1,"minecraft:sugar_cane":25,"minecraft:spyglass":1,"minecraft:cobbled_deepslate":16,"minecraft:wheat":4,"minecraft:pointed_dripstone":21,"minecraft:rotten_flesh":83,"minecraft:oak_planks":15,"minecraft:honey_bottle":1,"minecraft:white_bed":2,"minecraft:waxed_copper_block":3,"minecraft:wind_charge":5,"minecraft:poppy":4,"minecraft:tipped_arrow":6,"minecraft:breeze_rod":3,"minecraft:arrow":2,"minecraft:iron_ingot":83,"minecraft:bread":3,"minecraft:stripped_spruce_log":3,"minecraft:wheat_seeds":2,"minecraft:golden_horse_armor":1,"minecraft:feather":6,"minecraft:oak_fence":4,"minecraft:cobblestone":68,"minecraft:waxed_copper_grate":2,"minecraft:polished_tuff":4,"minecraft:granite":7,"minecraft:coal":33,"minecraft:stick":2,"minecraft:diorite":9,"minecraft:cherry_planks":7,"minecraft:waxed_copper_bulb":5,"minecraft:waxed_oxidized_copper":2,"minecraft:iron_axe":4,"minecraft:string":28,"minecraft:pink_petals":5,"minecraft:tripwire_hook":1,"minecraft:spruce_sapling":9,"minecraft:redstone":1,"minecraft:sweet_berries":64,"minecraft:raw_copper":41,"minecraft:tuff":1,"minecraft:raw_iron":2,"minecraft:stone_shovel":1,"minecraft:chicken":14,"minecraft:iron_boots":1,"minecraft:red_terracotta":1,"minecraft:flint_and_steel":1,"minecraft:diamond_sword":1,"minecraft:trial_key":5,"minecraft:diamond_chestplate":1,"minecraft:spruce_planks":50,"minecraft:diamond_pickaxe":1,"minecraft:iron_chestplate":3,"minecraft:andesite":26,"minecraft:oak_sapling":2,"minecraft:golden_sword":1,"minecraft:barrel":1,"minecraft:spider_eye":1,"minecraft:spruce_log":64,"minecraft:bow":2,"minecraft:brick":144},"minecraft:mined":{"minecraft:spruce_planks":10,"minecraft:white_bed":13,"minecraft:cherry_log":5,"minecraft:carved_pumpkin":1,"minecraft:granite":60,"minecraft:budding_amethyst":1,"minecraft:grass_block":174,"minecraft:chiseled_tuff_bricks":3,"minecraft:tuff_bricks":64,"minecraft:spawner":14,"minecraft:magma_block":65,"minecraft:fire":2,"minecraft:cobbled_deepslate":2,"minecraft:iron_ore":360,"minecraft:barrel":2,"minecraft:polished_tuff":5,"minecraft:waxed_oxidized_copper_bulb":1,"minecraft:fletching_table":5,"minecraft:deepslate_lapis_ore":12,"minecraft:pointed_dripstone":14,"minecraft:dirt_path":3,"minecraft:polished_tuff_slab":1,"minecraft:waxed_cut_copper_stairs":2,"minecraft:medium_amethyst_bud":1,"minecraft:amethyst_cluster":1,"minecraft:powder_snow":37,"minecraft:clay":1,"minecraft:torch":1,"minecraft:calcite":10,"minecraft:chest":3,"minecraft:dead_bush":2,"minecraft:nether_quartz_ore":16,"minecraft:cobblestone":99,"minecraft:sugar_cane":11,"minecraft:oak_planks":3,"minecraft:waxed_chiseled_copper":2,"minecraft:wall_torch":17,"minecraft:amethyst_block":15,"minecraft:deepslate_copper_ore":3,"minecraft:pink_petals":2,"minecraft:seagrass":1,"minecraft:waxed_copper_bulb":6,"minecraft:light_gray_stained_glass":8,"minecraft:waxed_copper_block":18,"minecraft:black_bed":1,"minecraft:oak_log":209,"minecraft:waxed_oxidized_copper":3,"minecraft:sand":31,"minecraft:dirt":347,"minecraft:smooth_basalt":17,"minecraft:netherrack":77,"minecraft:oak_leaves":31,"minecraft:deepslate":627,"minecraft:tuff":26,"minecraft:deepslate_diamond_ore":190,"minecraft:dark_oak_log":30,"minecraft:glow_lichen":1,"minecraft:dark_oak_fence":3,"minecraft:ladder":3,"minecraft:decorated_pot":30,"minecraft:spruce_leaves":86,"minecraft:large_fern":13,"minecraft:hay_block":19,"minecraft:furnace":3,"minecraft:waxed_copper_grate":8,"minecraft:andesite":77,"minecraft:stripped_spruce_log":1,"minecraft:chiseled_tuff":3,"minecraft:rail":5,"minecraft:deepslate_iron_ore":91,"minecraft:warped_stem":15,"minecraft:packed_ice":1,"minecraft:waxed_weathered_copper_bulb":6,"minecraft:stone":2469,"minecraft:waxed_exposed_copper_bulb":4,"minecraft:soul_sand":2,"minecraft:snow_block":6,"minecraft:oak_fence":4,"minecraft:crafting_table":18,"minecraft:short_grass":63,"minecraft:emerald_ore":5,"minecraft:sculk_sensor":1,"minecraft:copper_ore":24,"minecraft:tall_grass":17,"minecraft:deepslate_coal_ore":3,"minecraft:red_glazed_terracotta":1,"minecraft:lapis_ore":4,"minecraft:sculk":15,"minecraft:diorite":92,"minecraft:sweet_berry_bush":120,"minecraft:spruce_log":289,"minecraft:birch_leaves":2,"minecraft:black_wool":1,"minecraft:coal_ore":297,"minecraft:gravel":79,"minecraft:dripstone_block":10,"minecraft:cobweb":209,"minecraft:fern":6},"minecraft:custom":{"minecraft:interact_with_crafting_table":174,"minecraft:open_barrel":47,"minecraft:leave_game":38,"minecraft:time_since_death":1253,"minecraft:sprint_one_cm":3787673,"minecraft:damage_blocked_by_shield":10565,"minecraft:drop":216,"minecraft:talked_to_villager":183,"minecraft:play_time":1429213,"minecraft:deaths":46,"minecraft:jump":21542,"minecraft:walk_on_water_one_cm":248820,"minecraft:enchant_item":4,"minecraft:interact_with_furnace":61,"minecraft:traded_with_villager":31,"minecraft:sleep_in_bed":20,"minecraft:damage_dealt":72676,"minecraft:player_kills":2,"minecraft:crouch_one_cm":27065,"minecraft:inspect_dispenser":3,"minecraft:mob_kills":482,"minecraft:interact_with_campfire":2,"minecraft:climb_one_cm":81081,"minecraft:walk_one_cm":4448296,"minecraft:sneak_time":18489,"minecraft:walk_under_water_one_cm":135677,"minecraft:boat_one_cm":32770,"minecraft:total_world_time":1429213,"minecraft:interact_with_grindstone":1,"minecraft:time_since_rest":1299,"minecraft:damage_taken":20668,"minecraft:damage_absorbed":300,"minecraft:swim_one_cm":259722,"minecraft:fly_one_cm":2932905,"minecraft:open_chest":292,"minecraft:fall_one_cm":542511},"minecraft:picked_up":{"minecraft:iron_chestplate":5,"minecraft:wheat":2,"minecraft:diamond_sword":1,"minecraft:enchanted_book":3,"minecraft:potion":3,"minecraft:string":140,"minecraft:raw_copper":60,"minecraft:iron_leggings":4,"minecraft:armor_stand":2,"minecraft:cobbled_deepslate":484,"minecraft:bucket":1,"minecraft:spruce_planks":397,"minecraft:trial_key":23,"minecraft:iron_pickaxe":5,"minecraft:furnace":4,"minecraft:iron_boots":4,"minecraft:tipped_arrow":47,"minecraft:stick":82,"minecraft:oak_fence":4,"minecraft:torch":69,"minecraft:porkchop":60,"minecraft:cherry_log":5,"minecraft:waxed_copper_grate":2,"minecraft:pointed_dripstone":29,"minecraft:diorite":88,"minecraft:warped_planks":156,"minecraft:waxed_cut_copper_stairs":1,"minecraft:stone_sword":3,"minecraft:rotten_flesh":264,"minecraft:honey_bottle":1,"minecraft:carved_pumpkin":1,"minecraft:glowstone":14,"minecraft:snowball":56,"minecraft:cobblestone":2988,"minecraft:pink_petals":6,"minecraft:magma_block":62,"minecraft:feather":18,"minecraft:cherry_planks":16,"minecraft:andesite":64,"minecraft:black_bed":1,"minecraft:brown_wool":2,"minecraft:potato":39,"minecraft:flint":8,"minecraft:tuff":15,"minecraft:dirt":692,"minecraft:bone":72,"minecraft:bow":8,"minecraft:wheat_seeds":38,"minecraft:fletching_table":7,"minecraft:oak_planks":192,"minecraft:cooked_porkchop":3,"minecraft:sand":28,"minecraft:stripped_spruce_log":3,"minecraft:grass_block":1,"minecraft:red_terracotta":1,"minecraft:dark_oak_log":28,"minecraft:barrel":1,"minecraft:blue_terracotta":1,"minecraft:diamond":204,"minecraft:breeze_rod":7,"minecraft:crossbow":2,"minecraft:granite":58,"minecraft:golden_apple":2,"minecraft:emerald":71,"minecraft:bread":42,"minecraft:oak_sapling":19,"minecraft:netherrack":258,"minecraft:diamond_pickaxe":2,"minecraft:crafting_table":19,"minecraft:chicken":23,"minecraft:ladder":3,"minecraft:clay_ball":8,"minecraft:wooden_pickaxe":2,"minecraft:brick":81,"minecraft:shield":4,"minecraft:wind_charge":8,"minecraft:iron_axe":9,"minecraft:flint_and_steel":1,"minecraft:compass":1,"minecraft:iron_shovel":2,"minecraft:beef":76,"minecraft:poppy":5,"minecraft:sugar_cane":39,"minecraft:chest":4,"minecraft:phantom_membrane":1,"minecraft:waxed_oxidized_copper":4,"minecraft:raw_iron":469,"minecraft:trident":1,"minecraft:redstone":23,"minecraft:iron_horse_armor":1,"minecraft:stone_shovel":6,"minecraft:arrow":214,"minecraft:diamond_chestplate":1,"minecraft:decorated_pot":5,"minecraft:hay_block":19,"minecraft:gold_ingot":2,"minecraft:tuff_bricks":73,"minecraft:mutton":57,"minecraft:rail":9,"minecraft:white_wool":51,"minecraft:glow_ink_sac":6,"minecraft:leather":43,"minecraft:waxed_copper_bulb":5,"minecraft:oak_log":257,"minecraft:waxed_copper_block":4,"minecraft:golden_boots":2,"minecraft:gunpowder":2,"minecraft:cooked_mutton":17,"minecraft:apple":5,"minecraft:warped_stem":15,"minecraft:iron_ingot":163,"minecraft:stone_pickaxe":2,"minecraft:cooked_chicken":3,"minecraft:glass_bottle":3,"minecraft:soul_sand":7,"minecraft:iron_sword":7,"minecraft:smooth_basalt":6,"minecraft:sweet_berries":1581,"minecraft:quartz":48,"minecraft:dandelion":4,"minecraft:spyglass":2,"minecraft:gravel":110,"minecraft:spruce_sapling":33,"minecraft:white_bed":12,"minecraft:spruce_log":320,"minecraft:spider_eye":8,"minecraft:polished_tuff":12,"minecraft:stone_axe":7,"minecraft:iron_helmet":2,"minecraft:gray_wool":1,"minecraft:baked_potato":1,"minecraft:black_wool":5,"minecraft:coal":383,"minecraft:chiseled_tuff_bricks":1,"minecraft:ender_pearl":1}},"DataVersion":3953}