{"stats":{"minecraft:killed":{"minecraft:sheep":1,"minecraft:zombie":1,"minecraft:cow":1},"minecraft:mined":{"minecraft:pink_petals":2,"minecraft:short_grass":28,"minecraft:tall_grass":7,"minecraft:powder_snow":6},"minecraft:dropped":{"minecraft:pink_petals":5},"minecraft:killed_by":{"minecraft:spider":1,"minecraft:zombie":1,"minecraft:player":1},"minecraft:custom":{"minecraft:time_since_rest":3553,"minecraft:crouch_one_cm":18,"minecraft:play_time":77833,"minecraft:sprint_one_cm":60602,"minecraft:damage_taken":1757,"minecraft:deaths":7,"minecraft:walk_one_cm":26797,"minecraft:sneak_time":10,"minecraft:mob_kills":3,"minecraft:drop":1,"minecraft:jump":574,"minecraft:damage_dealt":710,"minecraft:leave_game":6,"minecraft:time_since_death":2896,"minecraft:total_world_time":77833,"minecraft:fall_one_cm":29795,"minecraft:fly_one_cm":129091},"minecraft:picked_up":{"minecraft:pink_petals":5,"minecraft:rotten_flesh":1,"minecraft:leather":1,"minecraft:wheat_seeds":5,"minecraft:beef":1}},"DataVersion":3953}