{"stats":{"minecraft:custom":{"minecraft:mob_kills":222,"minecraft:interact_with_crafting_table":105,"minecraft:leave_game":28,"minecraft:time_since_death":45498,"minecraft:climb_one_cm":31541,"minecraft:sprint_one_cm":1606558,"minecraft:walk_one_cm":2218315,"minecraft:damage_blocked_by_shield":4879,"minecraft:drop":115,"minecraft:play_time":837521,"minecraft:deaths":30,"minecraft:sneak_time":10033,"minecraft:walk_under_water_one_cm":84473,"minecraft:boat_one_cm":30351,"minecraft:jump":13171,"minecraft:walk_on_water_one_cm":174216,"minecraft:total_world_time":837521,"minecraft:interact_with_furnace":40,"minecraft:sleep_in_bed":14,"minecraft:time_since_rest":45529,"minecraft:damage_taken":11989,"minecraft:damage_dealt":33050,"minecraft:swim_one_cm":189810,"minecraft:fly_one_cm":1671576,"minecraft:open_chest":110,"minecraft:crouch_one_cm":19104,"minecraft:fall_one_cm":325147},"minecraft:used":{"minecraft:stone_sword":86,"minecraft:flint_and_steel":1,"minecraft:stone_shovel":208,"minecraft:spruce_planks":1,"minecraft:chest":1,"minecraft:shield":125,"minecraft:iron_sword":199,"minecraft:rotten_flesh":20,"minecraft:cooked_chicken":3,"minecraft:iron_chestplate":4,"minecraft:torch":34,"minecraft:dirt":342,"minecraft:spyglass":11,"minecraft:mutton":12,"minecraft:granite":3,"minecraft:snowball":4,"minecraft:grass_block":1,"minecraft:iron_axe":261,"minecraft:iron_helmet":2,"minecraft:iron_boots":6,"minecraft:diamond_chestplate":2,"minecraft:beef":2,"minecraft:sweet_berries":173,"minecraft:furnace":3,"minecraft:oak_sapling":3,"minecraft:cooked_beef":26,"minecraft:potato":3,"minecraft:cobbled_deepslate":48,"minecraft:iron_leggings":4,"minecraft:cooked_mutton":29,"minecraft:diorite":41,"minecraft:diamond_boots":1,"minecraft:stone_pickaxe":312,"minecraft:oak_planks":29,"minecraft:wooden_pickaxe":151,"minecraft:crafting_table":19,"minecraft:white_bed":9,"minecraft:spruce_log":70,"minecraft:diamond_pickaxe":284,"minecraft:apple":1,"minecraft:bread":3,"minecraft:brown_wool":1,"minecraft:iron_pickaxe":2444,"minecraft:spruce_sapling":1,"minecraft:stone_axe":299,"minecraft:diamond_sword":284,"minecraft:cobblestone":326,"minecraft:porkchop":8,"minecraft:cooked_porkchop":1,"minecraft:andesite":8,"minecraft:diamond_leggings":1},"minecraft:crafted":{"minecraft:cherry_planks":20,"minecraft:oak_planks":344,"minecraft:stone_shovel":2,"minecraft:furnace":3,"minecraft:diamond_leggings":1,"minecraft:iron_boots":4,"minecraft:iron_axe":2,"minecraft:stone_pickaxe":6,"minecraft:chest":2,"minecraft:diamond_boots":1,"minecraft:wheat":117,"minecraft:diamond_sword":3,"minecraft:crafting_table":10,"minecraft:spruce_planks":328,"minecraft:wooden_pickaxe":5,"minecraft:iron_helmet":4,"minecraft:iron_sword":3,"minecraft:stone_axe":3,"minecraft:bread":50,"minecraft:air":0,"minecraft:iron_chestplate":5,"minecraft:diamond_pickaxe":2,"minecraft:shield":3,"minecraft:stick":64,"minecraft:iron_ingot":59,"minecraft:iron_pickaxe":12,"minecraft:iron_leggings":3,"minecraft:white_bed":5,"minecraft:torch":32,"minecraft:diamond_chestplate":2},"minecraft:picked_up":{"minecraft:crafting_table":14,"minecraft:wheat":2,"minecraft:chicken":14,"minecraft:wooden_pickaxe":1,"minecraft:shield":1,"minecraft:string":9,"minecraft:raw_copper":32,"minecraft:iron_axe":1,"minecraft:flint_and_steel":1,"minecraft:compass":1,"minecraft:cobbled_deepslate":404,"minecraft:beef":71,"minecraft:poppy":1,"minecraft:iron_pickaxe":2,"minecraft:sugar_cane":25,"minecraft:chest":3,"minecraft:phantom_membrane":1,"minecraft:furnace":2,"minecraft:iron_boots":1,"minecraft:stick":55,"minecraft:raw_iron":208,"minecraft:torch":21,"minecraft:porkchop":54,"minecraft:cherry_log":5,"minecraft:diorite":75,"minecraft:trident":1,"minecraft:redstone":22,"minecraft:iron_horse_armor":1,"minecraft:diamond_chestplate":1,"minecraft:stone_sword":2,"minecraft:arrow":22,"minecraft:rotten_flesh":57,"minecraft:stone_shovel":6,"minecraft:hay_block":19,"minecraft:carved_pumpkin":1,"minecraft:mutton":55,"minecraft:rail":2,"minecraft:snowball":56,"minecraft:white_wool":50,"minecraft:cobblestone":1862,"minecraft:pink_petals":6,"minecraft:feather":15,"minecraft:cherry_planks":16,"minecraft:glow_ink_sac":6,"minecraft:andesite":58,"minecraft:brown_wool":2,"minecraft:black_bed":1,"minecraft:leather":35,"minecraft:flint":4,"minecraft:tuff":12,"minecraft:oak_log":196,"minecraft:gunpowder":2,"minecraft:dirt":574,"minecraft:cooked_mutton":17,"minecraft:bone":22,"minecraft:apple":3,"minecraft:bow":1,"minecraft:wheat_seeds":38,"minecraft:iron_ingot":44,"minecraft:stone_pickaxe":1,"minecraft:glass_bottle":2,"minecraft:iron_sword":1,"minecraft:oak_planks":190,"minecraft:soul_sand":7,"minecraft:cooked_porkchop":1,"minecraft:sweet_berries":839,"minecraft:dandelion":4,"minecraft:spyglass":2,"minecraft:gravel":19,"minecraft:sand":3,"minecraft:stripped_spruce_log":3,"minecraft:spruce_sapling":24,"minecraft:spruce_log":280,"minecraft:white_bed":7,"minecraft:grass_block":1,"minecraft:red_terracotta":1,"minecraft:dark_oak_log":28,"minecraft:spider_eye":5,"minecraft:blue_terracotta":1,"minecraft:diamond":98,"minecraft:stone_axe":7,"minecraft:crossbow":1,"minecraft:granite":44,"minecraft:gray_wool":1,"minecraft:emerald":5,"minecraft:oak_sapling":16,"minecraft:black_wool":5,"minecraft:coal":110,"minecraft:ender_pearl":1},"minecraft:killed":{"minecraft:cave_spider":1,"minecraft:witch":3,"minecraft:spider":6,"minecraft:phantom":1,"minecraft:skeleton":26,"minecraft:chicken":10,"minecraft:drowned":1,"minecraft:piglin":1,"minecraft:magma_cube":1,"minecraft:pig":28,"minecraft:iron_golem":1,"minecraft:bat":1,"minecraft:creeper":1,"minecraft:sheep":39,"minecraft:pillager":6,"minecraft:zombie":50,"minecraft:wither_skeleton":5,"minecraft:blaze":3,"minecraft:enderman":3,"minecraft:cow":31},"minecraft:mined":{"minecraft:tuff":17,"minecraft:white_bed":4,"minecraft:deepslate_diamond_ore":96,"minecraft:cherry_log":5,"minecraft:dark_oak_log":30,"minecraft:carved_pumpkin":1,"minecraft:dark_oak_fence":3,"minecraft:granite":45,"minecraft:budding_amethyst":1,"minecraft:grass_block":143,"minecraft:spruce_leaves":62,"minecraft:spawner":4,"minecraft:large_fern":9,"minecraft:hay_block":19,"minecraft:furnace":2,"minecraft:iron_ore":161,"minecraft:cobbled_deepslate":2,"minecraft:andesite":59,"minecraft:stripped_spruce_log":1,"minecraft:pointed_dripstone":2,"minecraft:deepslate_iron_ore":51,"minecraft:rail":2,"minecraft:packed_ice":1,"minecraft:stone":1823,"minecraft:soul_sand":2,"minecraft:medium_amethyst_bud":1,"minecraft:snow_block":6,"minecraft:powder_snow":37,"minecraft:crafting_table":13,"minecraft:torch":1,"minecraft:short_grass":62,"minecraft:emerald_ore":5,"minecraft:calcite":7,"minecraft:chest":2,"minecraft:sculk_sensor":1,"minecraft:cobblestone":41,"minecraft:copper_ore":18,"minecraft:tall_grass":17,"minecraft:deepslate_coal_ore":3,"minecraft:lapis_ore":4,"minecraft:oak_planks":1,"minecraft:sugar_cane":11,"minecraft:sculk":15,"minecraft:diorite":80,"minecraft:wall_torch":17,"minecraft:amethyst_block":8,"minecraft:pink_petals":2,"minecraft:sweet_berry_bush":93,"minecraft:spruce_log":285,"minecraft:birch_leaves":2,"minecraft:black_bed":1,"minecraft:black_wool":1,"minecraft:oak_log":170,"minecraft:coal_ore":96,"minecraft:dripstone_block":1,"minecraft:gravel":19,"minecraft:sand":6,"minecraft:dirt":297,"minecraft:cobweb":55,"minecraft:smooth_basalt":9,"minecraft:oak_leaves":31,"minecraft:deepslate":500,"minecraft:fern":4},"minecraft:dropped":{"minecraft:iron_ingot":83,"minecraft:stripped_spruce_log":3,"minecraft:iron_sword":1,"minecraft:wheat_seeds":2,"minecraft:golden_horse_armor":1,"minecraft:diamond":5,"minecraft:feather":3,"minecraft:cobblestone":4,"minecraft:black_bed":1,"minecraft:leather":3,"minecraft:iron_horse_armor":2,"minecraft:flint":4,"minecraft:stick":2,"minecraft:dirt":1,"minecraft:diorite":9,"minecraft:cherry_planks":7,"minecraft:snowball":16,"minecraft:phantom_membrane":1,"minecraft:iron_axe":1,"minecraft:iron_pickaxe":2,"minecraft:glistering_melon_slice":8,"minecraft:string":8,"minecraft:pink_petals":5,"minecraft:tripwire_hook":1,"minecraft:white_wool":1,"minecraft:spruce_sapling":9,"minecraft:bone":5,"minecraft:gravel":13,"minecraft:stone_axe":2,"minecraft:compass":1,"minecraft:sugar_cane":11,"minecraft:spyglass":1,"minecraft:raw_copper":32,"minecraft:wheat":4,"minecraft:stone_shovel":1,"minecraft:chicken":6,"minecraft:oak_planks":15,"minecraft:iron_boots":1,"minecraft:white_bed":2,"minecraft:red_terracotta":1,"minecraft:flint_and_steel":1,"minecraft:poppy":1,"minecraft:diamond_chestplate":1,"minecraft:iron_chestplate":1,"minecraft:andesite":26,"minecraft:oak_sapling":2,"minecraft:golden_sword":1,"minecraft:spruce_log":64,"minecraft:bow":1,"minecraft:arrow":2},"minecraft:killed_by":{"minecraft:player":4,"minecraft:creeper":1,"minecraft:spider":3,"minecraft:skeleton":2,"minecraft:witch":1,"minecraft:zombie":11},"minecraft:broken":{"minecraft:stone_pickaxe":2,"minecraft:stone_axe":2,"minecraft:iron_pickaxe":7,"minecraft:stone_shovel":2}},"DataVersion":3953}