{"stats":{"minecraft:custom":{"minecraft:mob_kills":183,"minecraft:interact_with_crafting_table":72,"minecraft:leave_game":20,"minecraft:time_since_death":52109,"minecraft:climb_one_cm":9108,"minecraft:sprint_one_cm":1159177,"minecraft:walk_one_cm":1296964,"minecraft:damage_blocked_by_shield":3904,"minecraft:drop":77,"minecraft:play_time":604260,"minecraft:deaths":26,"minecraft:sneak_time":6473,"minecraft:walk_under_water_one_cm":72096,"minecraft:boat_one_cm":30351,"minecraft:jump":10294,"minecraft:walk_on_water_one_cm":129632,"minecraft:total_world_time":604260,"minecraft:interact_with_furnace":31,"minecraft:sleep_in_bed":11,"minecraft:time_since_rest":52142,"minecraft:damage_taken":9552,"minecraft:damage_dealt":25108,"minecraft:swim_one_cm":118119,"minecraft:fly_one_cm":1314919,"minecraft:open_chest":41,"minecraft:crouch_one_cm":14349,"minecraft:fall_one_cm":270888},"minecraft:crafted":{"minecraft:cherry_planks":20,"minecraft:oak_planks":320,"minecraft:stone_shovel":1,"minecraft:furnace":3,"minecraft:diamond_leggings":1,"minecraft:iron_boots":4,"minecraft:iron_axe":1,"minecraft:stone_pickaxe":6,"minecraft:chest":1,"minecraft:diamond_sword":3,"minecraft:crafting_table":8,"minecraft:spruce_planks":48,"minecraft:wooden_pickaxe":4,"minecraft:iron_helmet":2,"minecraft:iron_sword":2,"minecraft:stone_axe":3,"minecraft:bread":11,"minecraft:air":0,"minecraft:iron_chestplate":3,"minecraft:diamond_pickaxe":2,"minecraft:shield":2,"minecraft:stick":44,"minecraft:iron_ingot":52,"minecraft:iron_pickaxe":7,"minecraft:iron_leggings":3,"minecraft:white_bed":5,"minecraft:diamond_chestplate":2},"minecraft:dropped":{"minecraft:stripped_spruce_log":3,"minecraft:iron_sword":1,"minecraft:wheat_seeds":2,"minecraft:diamond":5,"minecraft:golden_horse_armor":1,"minecraft:feather":3,"minecraft:cobblestone":3,"minecraft:black_bed":1,"minecraft:leather":3,"minecraft:iron_horse_armor":2,"minecraft:flint":4,"minecraft:stick":2,"minecraft:dirt":1,"minecraft:diorite":9,"minecraft:cherry_planks":7,"minecraft:snowball":16,"minecraft:phantom_membrane":1,"minecraft:iron_axe":1,"minecraft:iron_pickaxe":2,"minecraft:glistering_melon_slice":8,"minecraft:string":8,"minecraft:pink_petals":5,"minecraft:tripwire_hook":1,"minecraft:white_wool":1,"minecraft:spruce_sapling":5,"minecraft:bone":5,"minecraft:gravel":13,"minecraft:stone_axe":2,"minecraft:sugar_cane":11,"minecraft:spyglass":1,"minecraft:raw_copper":32,"minecraft:wheat":1,"minecraft:chicken":6,"minecraft:oak_planks":15,"minecraft:iron_boots":1,"minecraft:white_bed":2,"minecraft:red_terracotta":1,"minecraft:flint_and_steel":1,"minecraft:poppy":1,"minecraft:diamond_chestplate":1,"minecraft:andesite":26,"minecraft:oak_sapling":2,"minecraft:bow":1},"minecraft:killed_by":{"minecraft:player":4,"minecraft:creeper":1,"minecraft:spider":3,"minecraft:skeleton":1,"minecraft:witch":1,"minecraft:zombie":10},"minecraft:broken":{"minecraft:stone_pickaxe":2,"minecraft:stone_axe":2,"minecraft:iron_pickaxe":5,"minecraft:stone_shovel":1},"minecraft:killed":{"minecraft:cave_spider":1,"minecraft:witch":3,"minecraft:spider":5,"minecraft:phantom":1,"minecraft:skeleton":17,"minecraft:chicken":10,"minecraft:drowned":1,"minecraft:pig":26,"minecraft:iron_golem":1,"minecraft:bat":1,"minecraft:creeper":1,"minecraft:sheep":39,"minecraft:pillager":6,"minecraft:zombie":36,"minecraft:cow":31},"minecraft:used":{"minecraft:stone_sword":86,"minecraft:stone_shovel":73,"minecraft:shield":93,"minecraft:iron_sword":100,"minecraft:rotten_flesh":20,"minecraft:iron_chestplate":3,"minecraft:torch":3,"minecraft:dirt":199,"minecraft:spyglass":11,"minecraft:mutton":12,"minecraft:granite":1,"minecraft:snowball":4,"minecraft:iron_axe":55,"minecraft:iron_helmet":1,"minecraft:iron_boots":5,"minecraft:diamond_chestplate":2,"minecraft:beef":2,"minecraft:sweet_berries":57,"minecraft:furnace":3,"minecraft:oak_sapling":3,"minecraft:cooked_beef":22,"minecraft:potato":3,"minecraft:cobbled_deepslate":45,"minecraft:iron_leggings":3,"minecraft:cooked_mutton":14,"minecraft:diorite":21,"minecraft:stone_pickaxe":312,"minecraft:oak_planks":29,"minecraft:wooden_pickaxe":100,"minecraft:crafting_table":17,"minecraft:white_bed":9,"minecraft:spruce_log":68,"minecraft:diamond_pickaxe":284,"minecraft:bread":2,"minecraft:brown_wool":1,"minecraft:iron_pickaxe":1464,"minecraft:stone_axe":298,"minecraft:diamond_sword":250,"minecraft:cobblestone":248,"minecraft:porkchop":8,"minecraft:cooked_porkchop":1,"minecraft:andesite":8,"minecraft:diamond_leggings":1},"minecraft:mined":{"minecraft:tuff":14,"minecraft:white_bed":4,"minecraft:deepslate_diamond_ore":42,"minecraft:cherry_log":5,"minecraft:dark_oak_log":30,"minecraft:carved_pumpkin":1,"minecraft:granite":40,"minecraft:dark_oak_fence":3,"minecraft:budding_amethyst":1,"minecraft:grass_block":46,"minecraft:spruce_leaves":42,"minecraft:spawner":3,"minecraft:large_fern":1,"minecraft:hay_block":19,"minecraft:furnace":1,"minecraft:iron_ore":123,"minecraft:cobbled_deepslate":2,"minecraft:andesite":53,"minecraft:stripped_spruce_log":1,"minecraft:deepslate_iron_ore":39,"minecraft:packed_ice":1,"minecraft:stone":1190,"minecraft:snow_block":6,"minecraft:medium_amethyst_bud":1,"minecraft:powder_snow":37,"minecraft:crafting_table":12,"minecraft:short_grass":55,"minecraft:emerald_ore":4,"minecraft:calcite":7,"minecraft:chest":2,"minecraft:sculk_sensor":1,"minecraft:cobblestone":26,"minecraft:copper_ore":18,"minecraft:tall_grass":17,"minecraft:lapis_ore":4,"minecraft:sugar_cane":6,"minecraft:oak_planks":1,"minecraft:sculk":15,"minecraft:diorite":41,"minecraft:amethyst_block":8,"minecraft:pink_petals":2,"minecraft:sweet_berry_bush":33,"minecraft:spruce_log":112,"minecraft:black_bed":1,"minecraft:coal_ore":46,"minecraft:oak_log":144,"minecraft:gravel":11,"minecraft:sand":3,"minecraft:dirt":172,"minecraft:cobweb":55,"minecraft:smooth_basalt":9,"minecraft:oak_leaves":21,"minecraft:fern":3,"minecraft:deepslate":374},"minecraft:picked_up":{"minecraft:crafting_table":13,"minecraft:wheat":2,"minecraft:chicken":14,"minecraft:wooden_pickaxe":1,"minecraft:shield":1,"minecraft:string":9,"minecraft:iron_axe":1,"minecraft:raw_copper":32,"minecraft:flint_and_steel":1,"minecraft:cobbled_deepslate":272,"minecraft:beef":71,"minecraft:poppy":1,"minecraft:iron_pickaxe":2,"minecraft:sugar_cane":11,"minecraft:chest":3,"minecraft:phantom_membrane":1,"minecraft:furnace":1,"minecraft:iron_boots":1,"minecraft:stick":35,"minecraft:raw_iron":160,"minecraft:torch":1,"minecraft:porkchop":52,"minecraft:cherry_log":5,"minecraft:diorite":36,"minecraft:trident":1,"minecraft:redstone":22,"minecraft:iron_horse_armor":1,"minecraft:stone_shovel":5,"minecraft:diamond_chestplate":1,"minecraft:stone_sword":1,"minecraft:arrow":16,"minecraft:rotten_flesh":44,"minecraft:hay_block":19,"minecraft:carved_pumpkin":1,"minecraft:mutton":55,"minecraft:snowball":56,"minecraft:white_wool":50,"minecraft:cobblestone":1156,"minecraft:pink_petals":6,"minecraft:feather":15,"minecraft:cherry_planks":16,"minecraft:glow_ink_sac":4,"minecraft:andesite":52,"minecraft:brown_wool":2,"minecraft:black_bed":1,"minecraft:leather":35,"minecraft:flint":4,"minecraft:tuff":11,"minecraft:oak_log":170,"minecraft:gunpowder":2,"minecraft:dirt":362,"minecraft:cooked_mutton":17,"minecraft:bone":9,"minecraft:apple":2,"minecraft:bow":1,"minecraft:wheat_seeds":37,"minecraft:iron_ingot":40,"minecraft:stone_pickaxe":1,"minecraft:glass_bottle":2,"minecraft:oak_planks":190,"minecraft:iron_sword":1,"minecraft:cooked_porkchop":1,"minecraft:sweet_berries":139,"minecraft:dandelion":4,"minecraft:spyglass":2,"minecraft:gravel":16,"minecraft:stripped_spruce_log":3,"minecraft:spruce_sapling":10,"minecraft:white_bed":7,"minecraft:spruce_log":111,"minecraft:red_terracotta":1,"minecraft:dark_oak_log":28,"minecraft:spider_eye":5,"minecraft:blue_terracotta":1,"minecraft:diamond":44,"minecraft:stone_axe":7,"minecraft:crossbow":1,"minecraft:granite":40,"minecraft:gray_wool":1,"minecraft:emerald":4,"minecraft:oak_sapling":16,"minecraft:black_wool":4,"minecraft:coal":55}},"DataVersion":3953}