{"stats":{"minecraft:broken":{"minecraft:iron_leggings":1,"minecraft:stone_pickaxe":3,"minecraft:stone_axe":2,"minecraft:iron_sword":2,"minecraft:stone_shovel":2,"minecraft:shield":1,"minecraft:iron_axe":1,"minecraft:iron_pickaxe":11,"minecraft:iron_helmet":1},"minecraft:killed":{"minecraft:cave_spider":9,"minecraft:witch":3,"minecraft:spider":20,"minecraft:skeleton":68,"minecraft:chicken":14,"minecraft:silverfish":40,"minecraft:piglin":2,"minecraft:magma_cube":1,"minecraft:pig":42,"minecraft:zombie_villager":1,"minecraft:iron_golem":4,"minecraft:creeper":1,"minecraft:sheep":47,"minecraft:pillager":6,"minecraft:zombie":110,"minecraft:stray":27,"minecraft:blaze":5,"minecraft:cow":36,"minecraft:bogged":77,"minecraft:phantom":1,"minecraft:drowned":1,"minecraft:husk":68,"minecraft:bat":1,"minecraft:breeze":16,"minecraft:wither_skeleton":11,"minecraft:enderman":4},"minecraft:crafted":{"minecraft:oak_planks":508,"minecraft:diamond_shovel":2,"minecraft:warped_planks":60,"minecraft:diamond_helmet":1,"minecraft:iron_boots":6,"minecraft:diamond_leggings":2,"minecraft:bow":1,"minecraft:chest":7,"minecraft:respawn_anchor":1,"minecraft:emerald":28,"minecraft:diamond_axe":2,"minecraft:crafting_table":19,"minecraft:spruce_planks":624,"minecraft:wooden_pickaxe":7,"minecraft:iron_helmet":7,"minecraft:fletching_table":2,"minecraft:iron_chestplate":7,"minecraft:emerald_block":4,"minecraft:diamond_pickaxe":5,"minecraft:shield":8,"minecraft:stick":108,"minecraft:iron_ingot":177,"minecraft:iron_pickaxe":17,"minecraft:iron_block":4,"minecraft:cherry_planks":20,"minecraft:stone_shovel":3,"minecraft:furnace":6,"minecraft:spruce_stairs":4,"minecraft:iron_axe":6,"minecraft:stone_pickaxe":9,"minecraft:diamond_boots":2,"minecraft:spruce_boat":1,"minecraft:wheat":117,"minecraft:diamond_sword":10,"minecraft:iron_sword":6,"minecraft:stone_axe":3,"minecraft:bread":50,"minecraft:air":0,"minecraft:white_wool":6,"minecraft:iron_leggings":6,"minecraft:white_bed":7,"minecraft:torch":32,"minecraft:lapis_block":7,"minecraft:diamond_chestplate":3},"minecraft:used":{"minecraft:iron_shovel":20,"minecraft:ladder":1,"minecraft:decorated_pot":1,"minecraft:chest":7,"minecraft:shield":358,"minecraft:iron_sword":820,"minecraft:rotten_flesh":66,"minecraft:iron_chestplate":8,"minecraft:mutton":12,"minecraft:snowball":4,"minecraft:spruce_boat":1,"minecraft:waxed_oxidized_copper":2,"minecraft:grass_block":1,"minecraft:iron_helmet":6,"minecraft:bow":104,"minecraft:sweet_berries":303,"minecraft:furnace":7,"minecraft:oak_sapling":3,"minecraft:potato":43,"minecraft:diorite":44,"minecraft:diamond_boots":2,"minecraft:stone_pickaxe":517,"minecraft:oak_planks":49,"minecraft:ender_pearl":1,"minecraft:wooden_pickaxe":183,"minecraft:diamond_axe":144,"minecraft:respawn_anchor":1,"minecraft:golden_apple":14,"minecraft:glow_berries":35,"minecraft:crossbow":6,"minecraft:polished_tuff":4,"minecraft:bread":73,"minecraft:brown_wool":1,"minecraft:gravel":27,"minecraft:fire_charge":1,"minecraft:diamond_sword":641,"minecraft:andesite":23,"minecraft:waxed_cut_copper_stairs":1,"minecraft:stone_sword":86,"minecraft:flint_and_steel":1,"minecraft:stone_shovel":220,"minecraft:spruce_planks":175,"minecraft:netherrack":6,"minecraft:cooked_chicken":9,"minecraft:trial_key":23,"minecraft:torch":34,"minecraft:dirt":416,"minecraft:spyglass":11,"minecraft:diamond_helmet":1,"minecraft:granite":3,"minecraft:iron_axe":547,"minecraft:iron_boots":12,"minecraft:diamond_chestplate":4,"minecraft:golden_carrot":1,"minecraft:beef":6,"minecraft:cooked_beef":26,"minecraft:cobbled_deepslate":103,"minecraft:iron_leggings":9,"minecraft:cooked_mutton":29,"minecraft:baked_potato":8,"minecraft:fletching_table":7,"minecraft:crafting_table":33,"minecraft:white_bed":16,"minecraft:spruce_log":78,"minecraft:oak_log":4,"minecraft:diamond_pickaxe":1932,"minecraft:black_wool":1,"minecraft:apple":1,"minecraft:diamond_shovel":193,"minecraft:wind_charge":6,"minecraft:iron_pickaxe":3492,"minecraft:spruce_sapling":1,"minecraft:stone_axe":299,"minecraft:cobblestone":568,"minecraft:potion":5,"minecraft:cooked_porkchop":2,"minecraft:porkchop":34,"minecraft:bucket":1,"minecraft:diamond_leggings":2},"minecraft:killed_by":{"minecraft:wither_skeleton":1,"minecraft:creeper":1,"minecraft:pillager":1,"minecraft:bogged":1,"minecraft:blaze":2,"minecraft:witch":1,"minecraft:zombie":15,"minecraft:husk":2,"minecraft:player":4,"minecraft:spider":3,"minecraft:skeleton":3},"minecraft:dropped":{"minecraft:iron_sword":1,"minecraft:diamond_axe":1,"minecraft:baked_potato":1,"minecraft:glass_bottle":12,"minecraft:diamond":8,"minecraft:cooked_porkchop":2,"minecraft:decorated_pot":4,"minecraft:crossbow":1,"minecraft:glow_berries":11,"minecraft:black_bed":1,"minecraft:leather":7,"minecraft:iron_horse_armor":2,"minecraft:rail":1,"minecraft:flint":4,"minecraft:dirt":291,"minecraft:mutton":11,"minecraft:music_disc_precipice":2,"minecraft:snowball":16,"minecraft:phantom_membrane":1,"minecraft:glistering_melon_slice":8,"minecraft:iron_pickaxe":4,"minecraft:white_wool":2,"minecraft:bone":56,"minecraft:waxed_cut_copper_slab":4,"minecraft:gravel":56,"minecraft:stone_axe":2,"minecraft:compass":1,"minecraft:sugar_cane":34,"minecraft:spyglass":1,"minecraft:cooked_chicken":3,"minecraft:chiseled_tuff_bricks":10,"minecraft:cobbled_deepslate":79,"minecraft:wheat":4,"minecraft:pointed_dripstone":21,"minecraft:rotten_flesh":83,"minecraft:oak_planks":22,"minecraft:honey_bottle":5,"minecraft:white_bed":2,"minecraft:waxed_copper_block":4,"minecraft:wind_charge":49,"minecraft:poppy":4,"minecraft:tipped_arrow":6,"minecraft:mangrove_log":6,"minecraft:breeze_rod":6,"minecraft:arrow":2,"minecraft:scaffolding":9,"minecraft:iron_ingot":124,"minecraft:bread":8,"minecraft:stripped_spruce_log":3,"minecraft:wheat_seeds":2,"minecraft:mossy_cobblestone":8,"minecraft:golden_horse_armor":1,"minecraft:feather":6,"minecraft:oak_fence":4,"minecraft:cobblestone":72,"minecraft:waxed_copper_grate":3,"minecraft:polished_tuff":4,"minecraft:granite":7,"minecraft:golden_apple":1,"minecraft:coal":33,"minecraft:stick":4,"minecraft:diorite":9,"minecraft:ink_sac":1,"minecraft:waxed_weathered_copper_bulb":2,"minecraft:cherry_planks":7,"minecraft:waxed_copper_bulb":7,"minecraft:waxed_oxidized_copper":2,"minecraft:fire_charge":7,"minecraft:iron_axe":6,"minecraft:string":29,"minecraft:pink_petals":5,"minecraft:tripwire_hook":1,"minecraft:spruce_sapling":9,"minecraft:redstone":1,"minecraft:sweet_berries":64,"minecraft:raw_copper":43,"minecraft:tuff":2,"minecraft:guster_banner_pattern":3,"minecraft:raw_iron":2,"minecraft:stone_shovel":2,"minecraft:chicken":14,"minecraft:iron_boots":1,"minecraft:red_terracotta":1,"minecraft:flint_and_steel":1,"minecraft:diamond_sword":1,"minecraft:potato":1,"minecraft:trial_key":8,"minecraft:diamond_chestplate":1,"minecraft:spruce_planks":81,"minecraft:diamond_pickaxe":2,"minecraft:iron_chestplate":3,"minecraft:andesite":40,"minecraft:cake":2,"minecraft:oak_sapling":2,"minecraft:waxed_oxidized_cut_copper":8,"minecraft:golden_sword":1,"minecraft:barrel":1,"minecraft:spider_eye":2,"minecraft:spruce_log":64,"minecraft:bow":10,"minecraft:stone_pickaxe":1,"minecraft:wooden_pickaxe":1,"minecraft:raw_gold":4,"minecraft:brick":231},"minecraft:mined":{"minecraft:waxed_cut_copper_slab":4,"minecraft:spruce_planks":10,"minecraft:white_bed":13,"minecraft:cherry_log":5,"minecraft:carved_pumpkin":1,"minecraft:granite":70,"minecraft:budding_amethyst":1,"minecraft:grass_block":246,"minecraft:chiseled_tuff_bricks":9,"minecraft:tuff_bricks":152,"minecraft:spawner":14,"minecraft:magma_block":65,"minecraft:fire":3,"minecraft:cobbled_deepslate":13,"minecraft:iron_ore":384,"minecraft:barrel":2,"minecraft:polished_tuff":9,"minecraft:waxed_oxidized_copper_bulb":3,"minecraft:fletching_table":5,"minecraft:deepslate_lapis_ore":14,"minecraft:pointed_dripstone":14,"minecraft:dirt_path":3,"minecraft:polished_tuff_slab":2,"minecraft:waxed_cut_copper_stairs":2,"minecraft:deepslate_redstone_ore":6,"minecraft:medium_amethyst_bud":1,"minecraft:amethyst_cluster":1,"minecraft:powder_snow":37,"minecraft:clay":1,"minecraft:torch":1,"minecraft:calcite":10,"minecraft:chest":3,"minecraft:dead_bush":2,"minecraft:nether_quartz_ore":16,"minecraft:cobblestone":102,"minecraft:sugar_cane":14,"minecraft:oak_planks":3,"minecraft:waxed_chiseled_copper":3,"minecraft:wall_torch":19,"minecraft:amethyst_block":15,"minecraft:deepslate_copper_ore":3,"minecraft:pink_petals":2,"minecraft:seagrass":1,"minecraft:waxed_copper_bulb":9,"minecraft:red_candle":1,"minecraft:light_gray_stained_glass":16,"minecraft:waxed_copper_block":27,"minecraft:black_bed":1,"minecraft:oak_log":209,"minecraft:waxed_oxidized_copper":4,"minecraft:sand":31,"minecraft:dirt":455,"minecraft:smooth_basalt":17,"minecraft:dispenser":1,"minecraft:netherrack":77,"minecraft:oak_leaves":31,"minecraft:deepslate":1198,"minecraft:tuff":91,"minecraft:mossy_cobblestone":3,"minecraft:deepslate_diamond_ore":217,"minecraft:dark_oak_log":30,"minecraft:waxed_oxidized_chiseled_copper":1,"minecraft:glow_lichen":1,"minecraft:dark_oak_fence":3,"minecraft:ladder":3,"minecraft:decorated_pot":65,"minecraft:spruce_leaves":90,"minecraft:large_fern":13,"minecraft:hay_block":19,"minecraft:waxed_oxidized_cut_copper":3,"minecraft:furnace":3,"minecraft:waxed_copper_grate":9,"minecraft:andesite":106,"minecraft:stripped_spruce_log":1,"minecraft:chiseled_tuff":4,"minecraft:rail":5,"minecraft:deepslate_iron_ore":110,"minecraft:warped_stem":15,"minecraft:packed_ice":1,"minecraft:waxed_weathered_copper_bulb":7,"minecraft:stone":2595,"minecraft:waxed_exposed_copper_bulb":4,"minecraft:soul_sand":2,"minecraft:snow_block":6,"minecraft:oak_fence":4,"minecraft:crafting_table":19,"minecraft:short_grass":72,"minecraft:emerald_ore":5,"minecraft:sculk_sensor":1,"minecraft:copper_ore":25,"minecraft:tall_grass":17,"minecraft:deepslate_coal_ore":3,"minecraft:red_glazed_terracotta":2,"minecraft:deepslate_gold_ore":2,"minecraft:lapis_ore":4,"minecraft:sculk":15,"minecraft:diorite":95,"minecraft:waxed_oxidized_copper_grate":5,"minecraft:sweet_berry_bush":120,"minecraft:spruce_log":357,"minecraft:birch_leaves":2,"minecraft:black_wool":1,"minecraft:coal_ore":303,"minecraft:flower_pot":1,"minecraft:gravel":80,"minecraft:dripstone_block":10,"minecraft:cobweb":209,"minecraft:fern":6},"minecraft:custom":{"minecraft:interact_with_crafting_table":199,"minecraft:open_barrel":57,"minecraft:eat_cake_slice":1,"minecraft:leave_game":38,"minecraft:time_since_death":7597,"minecraft:sprint_one_cm":4317884,"minecraft:damage_blocked_by_shield":13936,"minecraft:drop":337,"minecraft:talked_to_villager":183,"minecraft:play_time":1636213,"minecraft:deaths":48,"minecraft:jump":23947,"minecraft:walk_on_water_one_cm":264122,"minecraft:enchant_item":5,"minecraft:interact_with_furnace":64,"minecraft:traded_with_villager":31,"minecraft:sleep_in_bed":21,"minecraft:damage_dealt":94648,"minecraft:player_kills":2,"minecraft:crouch_one_cm":38199,"minecraft:inspect_dispenser":21,"minecraft:mob_kills":628,"minecraft:interact_with_campfire":2,"minecraft:climb_one_cm":104973,"minecraft:walk_one_cm":5322259,"minecraft:sneak_time":22187,"minecraft:walk_under_water_one_cm":145135,"minecraft:boat_one_cm":32770,"minecraft:total_world_time":1636213,"minecraft:interact_with_grindstone":1,"minecraft:time_since_rest":7654,"minecraft:damage_taken":22976,"minecraft:damage_absorbed":417,"minecraft:swim_one_cm":266122,"minecraft:fly_one_cm":3225946,"minecraft:open_chest":367,"minecraft:fall_one_cm":600066},"minecraft:picked_up":{"minecraft:iron_chestplate":8,"minecraft:wheat":2,"minecraft:diamond_sword":3,"minecraft:enchanted_book":8,"minecraft:potion":6,"minecraft:lapis_block":14,"minecraft:string":141,"minecraft:waxed_cut_copper_slab":8,"minecraft:raw_copper":62,"minecraft:iron_leggings":4,"minecraft:armor_stand":2,"minecraft:diamond_leggings":2,"minecraft:cobbled_deepslate":811,"minecraft:bucket":1,"minecraft:spruce_planks":619,"minecraft:trial_key":40,"minecraft:iron_pickaxe":6,"minecraft:mangrove_log":6,"minecraft:furnace":4,"minecraft:iron_boots":4,"minecraft:tipped_arrow":340,"minecraft:stick":84,"minecraft:oak_fence":4,"minecraft:torch":69,"minecraft:porkchop":85,"minecraft:waxed_weathered_copper_bulb":2,"minecraft:cherry_log":5,"minecraft:waxed_copper_grate":3,"minecraft:pointed_dripstone":29,"minecraft:diorite":91,"minecraft:warped_planks":156,"minecraft:waxed_cut_copper_stairs":1,"minecraft:stone_sword":3,"minecraft:rotten_flesh":420,"minecraft:honey_bottle":5,"minecraft:carved_pumpkin":1,"minecraft:glowstone":14,"minecraft:snowball":56,"minecraft:cobblestone":3117,"minecraft:pink_petals":6,"minecraft:magma_block":62,"minecraft:feather":18,"minecraft:cherry_planks":16,"minecraft:andesite":93,"minecraft:black_bed":1,"minecraft:brown_wool":2,"minecraft:potato":40,"minecraft:flint":8,"minecraft:tuff":16,"minecraft:lapis_lazuli":8,"minecraft:dirt":1131,"minecraft:bone":257,"minecraft:bow":21,"minecraft:wheat_seeds":38,"minecraft:raw_gold":8,"minecraft:guster_banner_pattern":3,"minecraft:diamond_helmet":2,"minecraft:fletching_table":7,"minecraft:oak_planks":199,"minecraft:cooked_porkchop":6,"minecraft:sand":28,"minecraft:stripped_spruce_log":3,"minecraft:ink_sac":1,"minecraft:grass_block":1,"minecraft:red_terracotta":1,"minecraft:dark_oak_log":28,"minecraft:barrel":1,"minecraft:mossy_cobblestone":8,"minecraft:blue_terracotta":1,"minecraft:diamond":240,"minecraft:breeze_rod":11,"minecraft:crossbow":3,"minecraft:granite":68,"minecraft:golden_apple":6,"minecraft:emerald":117,"minecraft:bread":72,"minecraft:music_disc_precipice":2,"minecraft:oak_sapling":19,"minecraft:netherrack":258,"minecraft:diamond_pickaxe":4,"minecraft:waxed_oxidized_cut_copper":8,"minecraft:crafting_table":20,"minecraft:ominous_bottle":4,"minecraft:chicken":23,"minecraft:ladder":3,"minecraft:clay_ball":8,"minecraft:wooden_pickaxe":2,"minecraft:brick":168,"minecraft:shield":7,"minecraft:wind_charge":53,"minecraft:iron_axe":19,"minecraft:flint_and_steel":1,"minecraft:compass":1,"minecraft:iron_shovel":2,"minecraft:beef":80,"minecraft:poppy":5,"minecraft:sugar_cane":48,"minecraft:chest":4,"minecraft:phantom_membrane":1,"minecraft:waxed_oxidized_copper":4,"minecraft:raw_iron":538,"minecraft:cake":3,"minecraft:trident":4,"minecraft:redstone":23,"minecraft:iron_horse_armor":1,"minecraft:stone_shovel":6,"minecraft:arrow":528,"minecraft:diamond_chestplate":3,"minecraft:decorated_pot":5,"minecraft:diamond_boots":2,"minecraft:waxed_oxidized_cut_copper_stairs":1,"minecraft:hay_block":19,"minecraft:saddle":1,"minecraft:gold_ingot":2,"minecraft:tuff_bricks":102,"minecraft:mutton":66,"minecraft:rail":9,"minecraft:white_wool":55,"minecraft:golden_carrot":1,"minecraft:glow_ink_sac":6,"minecraft:leather":44,"minecraft:waxed_copper_bulb":7,"minecraft:oak_log":257,"minecraft:waxed_copper_block":5,"minecraft:golden_boots":2,"minecraft:gunpowder":2,"minecraft:cooked_mutton":17,"minecraft:apple":5,"minecraft:warped_stem":15,"minecraft:iron_ingot":238,"minecraft:stone_pickaxe":2,"minecraft:cooked_chicken":17,"minecraft:glass_bottle":13,"minecraft:soul_sand":7,"minecraft:iron_sword":7,"minecraft:scaffolding":9,"minecraft:smooth_basalt":6,"minecraft:emerald_block":11,"minecraft:sweet_berries":1581,"minecraft:quartz":48,"minecraft:dandelion":4,"minecraft:spyglass":2,"minecraft:gravel":110,"minecraft:spruce_sapling":33,"minecraft:white_bed":12,"minecraft:spruce_log":444,"minecraft:spider_eye":9,"minecraft:polished_tuff":12,"minecraft:diamond_shovel":2,"minecraft:stone_axe":7,"minecraft:iron_helmet":2,"minecraft:diamond_axe":6,"minecraft:gray_wool":1,"minecraft:baked_potato":10,"minecraft:black_wool":9,"minecraft:coal":389,"minecraft:chiseled_tuff_bricks":11,"minecraft:ender_pearl":1}},"DataVersion":3953}