{"stats":{"minecraft:broken":{"minecraft:stone_pickaxe":2,"minecraft:stone_axe":1,"minecraft:iron_pickaxe":4,"minecraft:stone_shovel":1},"minecraft:killed":{"minecraft:witch":2,"minecraft:spider":4,"minecraft:phantom":1,"minecraft:skeleton":7,"minecraft:chicken":7,"minecraft:pig":14,"minecraft:iron_golem":1,"minecraft:creeper":1,"minecraft:sheep":20,"minecraft:pillager":6,"minecraft:zombie":20,"minecraft:cow":22},"minecraft:crafted":{"minecraft:cherry_planks":20,"minecraft:oak_planks":284,"minecraft:stone_shovel":1,"minecraft:furnace":2,"minecraft:iron_boots":3,"minecraft:iron_axe":1,"minecraft:stone_pickaxe":4,"minecraft:chest":1,"minecraft:diamond_sword":1,"minecraft:crafting_table":7,"minecraft:spruce_planks":48,"minecraft:wooden_pickaxe":3,"minecraft:iron_helmet":2,"minecraft:iron_sword":1,"minecraft:stone_axe":1,"minecraft:bread":1,"minecraft:air":0,"minecraft:iron_chestplate":3,"minecraft:diamond_pickaxe":1,"minecraft:shield":1,"minecraft:stick":24,"minecraft:iron_ingot":33,"minecraft:iron_pickaxe":6,"minecraft:iron_leggings":2,"minecraft:white_bed":5,"minecraft:diamond_chestplate":1},"minecraft:used":{"minecraft:stone_sword":86,"minecraft:stone_shovel":73,"minecraft:shield":35,"minecraft:iron_sword":41,"minecraft:rotten_flesh":20,"minecraft:iron_chestplate":3,"minecraft:torch":3,"minecraft:dirt":185,"minecraft:spyglass":11,"minecraft:mutton":12,"minecraft:granite":1,"minecraft:snowball":4,"minecraft:iron_axe":55,"minecraft:iron_helmet":1,"minecraft:iron_boots":4,"minecraft:diamond_chestplate":1,"minecraft:beef":2,"minecraft:sweet_berries":27,"minecraft:oak_sapling":3,"minecraft:furnace":2,"minecraft:cooked_beef":10,"minecraft:potato":3,"minecraft:cobbled_deepslate":45,"minecraft:iron_leggings":2,"minecraft:cooked_mutton":7,"minecraft:diorite":21,"minecraft:stone_pickaxe":295,"minecraft:oak_planks":29,"minecraft:wooden_pickaxe":89,"minecraft:crafting_table":13,"minecraft:white_bed":8,"minecraft:spruce_log":68,"minecraft:diamond_pickaxe":61,"minecraft:bread":2,"minecraft:brown_wool":1,"minecraft:iron_pickaxe":1325,"minecraft:stone_axe":164,"minecraft:diamond_sword":89,"minecraft:cobblestone":91,"minecraft:porkchop":8,"minecraft:cooked_porkchop":1,"minecraft:andesite":8},"minecraft:killed_by":{"minecraft:player":4,"minecraft:creeper":1,"minecraft:spider":3,"minecraft:skeleton":1,"minecraft:witch":1,"minecraft:zombie":10},"minecraft:dropped":{"minecraft:iron_sword":1,"minecraft:wheat_seeds":2,"minecraft:diamond":3,"minecraft:golden_horse_armor":1,"minecraft:feather":3,"minecraft:cobblestone":2,"minecraft:leather":1,"minecraft:iron_horse_armor":2,"minecraft:dirt":1,"minecraft:diorite":9,"minecraft:cherry_planks":7,"minecraft:snowball":16,"minecraft:phantom_membrane":1,"minecraft:iron_axe":1,"minecraft:iron_pickaxe":2,"minecraft:string":8,"minecraft:pink_petals":5,"minecraft:tripwire_hook":1,"minecraft:bone":5,"minecraft:stone_axe":1,"minecraft:sugar_cane":6,"minecraft:spyglass":1,"minecraft:raw_copper":32,"minecraft:wheat":1,"minecraft:chicken":2,"minecraft:oak_planks":15,"minecraft:iron_boots":1,"minecraft:white_bed":2,"minecraft:flint_and_steel":1,"minecraft:poppy":1,"minecraft:andesite":26,"minecraft:oak_sapling":2},"minecraft:mined":{"minecraft:tuff":12,"minecraft:white_bed":3,"minecraft:deepslate_diamond_ore":26,"minecraft:cherry_log":5,"minecraft:dark_oak_log":30,"minecraft:carved_pumpkin":1,"minecraft:dark_oak_fence":3,"minecraft:granite":39,"minecraft:grass_block":32,"minecraft:spruce_leaves":28,"minecraft:spawner":1,"minecraft:large_fern":1,"minecraft:hay_block":6,"minecraft:furnace":1,"minecraft:iron_ore":87,"minecraft:cobbled_deepslate":2,"minecraft:andesite":43,"minecraft:stripped_spruce_log":1,"minecraft:deepslate_iron_ore":26,"minecraft:packed_ice":1,"minecraft:stone":1042,"minecraft:snow_block":6,"minecraft:powder_snow":37,"minecraft:crafting_table":9,"minecraft:short_grass":50,"minecraft:chest":2,"minecraft:sculk_sensor":1,"minecraft:cobblestone":16,"minecraft:tall_grass":16,"minecraft:copper_ore":18,"minecraft:lapis_ore":4,"minecraft:sugar_cane":4,"minecraft:oak_planks":1,"minecraft:sculk":15,"minecraft:diorite":25,"minecraft:pink_petals":2,"minecraft:sweet_berry_bush":32,"minecraft:spruce_log":81,"minecraft:coal_ore":46,"minecraft:oak_log":71,"minecraft:gravel":6,"minecraft:dirt":152,"minecraft:oak_leaves":15,"minecraft:fern":3,"minecraft:deepslate":278},"minecraft:custom":{"minecraft:mob_kills":109,"minecraft:interact_with_crafting_table":54,"minecraft:leave_game":18,"minecraft:time_since_death":106368,"minecraft:climb_one_cm":768,"minecraft:sprint_one_cm":787018,"minecraft:walk_one_cm":1019758,"minecraft:damage_blocked_by_shield":1385,"minecraft:drop":55,"minecraft:play_time":473792,"minecraft:deaths":25,"minecraft:sneak_time":4956,"minecraft:walk_under_water_one_cm":41884,"minecraft:boat_one_cm":30351,"minecraft:jump":7555,"minecraft:walk_on_water_one_cm":85002,"minecraft:total_world_time":473792,"minecraft:interact_with_furnace":20,"minecraft:sleep_in_bed":9,"minecraft:time_since_rest":57037,"minecraft:damage_taken":7975,"minecraft:damage_dealt":15557,"minecraft:swim_one_cm":35629,"minecraft:fly_one_cm":928010,"minecraft:open_chest":28,"minecraft:crouch_one_cm":12125,"minecraft:fall_one_cm":212192},"minecraft:picked_up":{"minecraft:crafting_table":10,"minecraft:wheat":2,"minecraft:chicken":9,"minecraft:wooden_pickaxe":1,"minecraft:shield":1,"minecraft:string":9,"minecraft:raw_copper":32,"minecraft:iron_axe":1,"minecraft:flint_and_steel":1,"minecraft:cobbled_deepslate":270,"minecraft:beef":52,"minecraft:poppy":1,"minecraft:iron_pickaxe":2,"minecraft:chest":3,"minecraft:sugar_cane":6,"minecraft:phantom_membrane":1,"minecraft:furnace":1,"minecraft:iron_boots":1,"minecraft:stick":33,"minecraft:raw_iron":111,"minecraft:torch":1,"minecraft:porkchop":27,"minecraft:cherry_log":5,"minecraft:diorite":32,"minecraft:redstone":22,"minecraft:iron_horse_armor":1,"minecraft:stone_shovel":5,"minecraft:stone_sword":1,"minecraft:arrow":9,"minecraft:rotten_flesh":26,"minecraft:hay_block":6,"minecraft:carved_pumpkin":1,"minecraft:mutton":29,"minecraft:snowball":56,"minecraft:white_wool":34,"minecraft:cobblestone":1054,"minecraft:pink_petals":6,"minecraft:feather":9,"minecraft:cherry_planks":16,"minecraft:glow_ink_sac":4,"minecraft:andesite":48,"minecraft:brown_wool":2,"minecraft:leather":22,"minecraft:flint":1,"minecraft:tuff":11,"minecraft:oak_log":97,"minecraft:gunpowder":2,"minecraft:dirt":318,"minecraft:cooked_mutton":17,"minecraft:bone":4,"minecraft:apple":2,"minecraft:wheat_seeds":37,"minecraft:iron_ingot":40,"minecraft:stone_pickaxe":1,"minecraft:glass_bottle":2,"minecraft:oak_planks":190,"minecraft:iron_sword":1,"minecraft:cooked_porkchop":1,"minecraft:sweet_berries":137,"minecraft:dandelion":4,"minecraft:spyglass":2,"minecraft:gravel":12,"minecraft:stripped_spruce_log":1,"minecraft:spruce_sapling":10,"minecraft:white_bed":6,"minecraft:spruce_log":80,"minecraft:dark_oak_log":28,"minecraft:spider_eye":5,"minecraft:diamond":28,"minecraft:stone_axe":6,"minecraft:crossbow":1,"minecraft:granite":39,"minecraft:oak_sapling":14,"minecraft:black_wool":2,"minecraft:coal":55}},"DataVersion":3953}