{"stats":{"minecraft:dropped":{"minecraft:pink_petals":5},"minecraft:killed":{"minecraft:sheep":1,"minecraft:zombie":1,"minecraft:cow":1},"minecraft:mined":{"minecraft:pink_petals":2,"minecraft:short_grass":12,"minecraft:tall_grass":6,"minecraft:powder_snow":6},"minecraft:picked_up":{"minecraft:pink_petals":5,"minecraft:rotten_flesh":1,"minecraft:leather":1,"minecraft:wheat_seeds":5,"minecraft:beef":1},"minecraft:custom":{"minecraft:time_since_rest":6625,"minecraft:crouch_one_cm":18,"minecraft:play_time":30946,"minecraft:sprint_one_cm":36665,"minecraft:damage_taken":751,"minecraft:deaths":3,"minecraft:walk_one_cm":17896,"minecraft:sneak_time":10,"minecraft:mob_kills":3,"minecraft:drop":1,"minecraft:jump":328,"minecraft:damage_dealt":518,"minecraft:leave_game":3,"minecraft:time_since_death":0,"minecraft:total_world_time":30946,"minecraft:fall_one_cm":18958,"minecraft:fly_one_cm":73804}},"DataVersion":3953}