{"stats":{"minecraft:broken":{"minecraft:stone_pickaxe":1,"minecraft:stone_axe":1,"minecraft:iron_pickaxe":1},"minecraft:killed":{"minecraft:witch":2,"minecraft:spider":4,"minecraft:phantom":1,"minecraft:skeleton":1,"minecraft:chicken":5,"minecraft:pig":14,"minecraft:iron_golem":1,"minecraft:sheep":17,"minecraft:pillager":6,"minecraft:zombie":12,"minecraft:cow":22},"minecraft:crafted":{"minecraft:cherry_planks":20,"minecraft:oak_planks":224,"minecraft:furnace":1,"minecraft:iron_boots":2,"minecraft:iron_axe":1,"minecraft:stone_pickaxe":3,"minecraft:chest":1,"minecraft:diamond_sword":1,"minecraft:crafting_table":5,"minecraft:wooden_pickaxe":2,"minecraft:iron_helmet":2,"minecraft:bread":1,"minecraft:air":0,"minecraft:iron_chestplate":2,"minecraft:diamond_pickaxe":1,"minecraft:stick":16,"minecraft:iron_ingot":11,"minecraft:iron_pickaxe":2,"minecraft:iron_leggings":2,"minecraft:white_bed":3,"minecraft:diamond_chestplate":1},"minecraft:used":{"minecraft:stone_sword":86,"minecraft:shield":13,"minecraft:rotten_flesh":20,"minecraft:iron_chestplate":3,"minecraft:torch":3,"minecraft:dirt":54,"minecraft:spyglass":11,"minecraft:mutton":6,"minecraft:granite":1,"minecraft:iron_axe":55,"minecraft:iron_helmet":1,"minecraft:iron_boots":3,"minecraft:diamond_chestplate":1,"minecraft:beef":2,"minecraft:furnace":1,"minecraft:cooked_beef":4,"minecraft:potato":3,"minecraft:cobbled_deepslate":15,"minecraft:iron_leggings":2,"minecraft:cooked_mutton":7,"minecraft:diorite":21,"minecraft:stone_pickaxe":164,"minecraft:oak_planks":29,"minecraft:wooden_pickaxe":30,"minecraft:crafting_table":11,"minecraft:white_bed":6,"minecraft:diamond_pickaxe":61,"minecraft:bread":2,"minecraft:brown_wool":1,"minecraft:iron_pickaxe":420,"minecraft:stone_axe":45,"minecraft:diamond_sword":89,"minecraft:cobblestone":6,"minecraft:porkchop":8,"minecraft:cooked_porkchop":1,"minecraft:andesite":3},"minecraft:killed_by":{"minecraft:player":3,"minecraft:creeper":1,"minecraft:spider":2,"minecraft:skeleton":1,"minecraft:witch":1,"minecraft:zombie":6},"minecraft:dropped":{"minecraft:wheat_seeds":1,"minecraft:diamond":3,"minecraft:golden_horse_armor":1,"minecraft:feather":2,"minecraft:leather":1,"minecraft:iron_horse_armor":2,"minecraft:diorite":9,"minecraft:cherry_planks":4,"minecraft:phantom_membrane":1,"minecraft:iron_axe":1,"minecraft:string":8,"minecraft:pink_petals":5,"minecraft:tripwire_hook":1,"minecraft:bone":5,"minecraft:stone_axe":1,"minecraft:sugar_cane":6,"minecraft:spyglass":1,"minecraft:chicken":2,"minecraft:oak_planks":15,"minecraft:white_bed":2,"minecraft:poppy":1,"minecraft:andesite":26},"minecraft:mined":{"minecraft:tuff":3,"minecraft:white_bed":3,"minecraft:deepslate_diamond_ore":14,"minecraft:cherry_log":5,"minecraft:dark_oak_log":30,"minecraft:carved_pumpkin":1,"minecraft:dark_oak_fence":3,"minecraft:granite":1,"minecraft:grass_block":8,"minecraft:spawner":1,"minecraft:hay_block":6,"minecraft:furnace":1,"minecraft:iron_ore":60,"minecraft:cobbled_deepslate":2,"minecraft:deepslate_iron_ore":24,"minecraft:packed_ice":1,"minecraft:stone":240,"minecraft:powder_snow":33,"minecraft:crafting_table":8,"minecraft:short_grass":48,"minecraft:chest":1,"minecraft:tall_grass":16,"minecraft:oak_planks":1,"minecraft:sugar_cane":4,"minecraft:sculk":15,"minecraft:diorite":23,"minecraft:pink_petals":2,"minecraft:oak_log":56,"minecraft:coal_ore":18,"minecraft:gravel":2,"minecraft:dirt":36,"minecraft:oak_leaves":11,"minecraft:deepslate":246},"minecraft:custom":{"minecraft:mob_kills":88,"minecraft:interact_with_crafting_table":36,"minecraft:leave_game":12,"minecraft:time_since_death":32971,"minecraft:sprint_one_cm":548689,"minecraft:walk_one_cm":560581,"minecraft:damage_blocked_by_shield":407,"minecraft:drop":40,"minecraft:play_time":327154,"minecraft:deaths":19,"minecraft:sneak_time":2587,"minecraft:walk_under_water_one_cm":38292,"minecraft:boat_one_cm":30351,"minecraft:jump":5297,"minecraft:walk_on_water_one_cm":77877,"minecraft:total_world_time":327154,"minecraft:interact_with_furnace":8,"minecraft:sleep_in_bed":4,"minecraft:time_since_rest":33003,"minecraft:damage_taken":6132,"minecraft:damage_dealt":12216,"minecraft:swim_one_cm":33697,"minecraft:fly_one_cm":733976,"minecraft:open_chest":24,"minecraft:crouch_one_cm":6872,"minecraft:fall_one_cm":165399},"minecraft:picked_up":{"minecraft:crafting_table":9,"minecraft:chicken":7,"minecraft:wooden_pickaxe":1,"minecraft:shield":1,"minecraft:string":9,"minecraft:iron_axe":1,"minecraft:cobbled_deepslate":256,"minecraft:beef":52,"minecraft:poppy":1,"minecraft:sugar_cane":6,"minecraft:chest":2,"minecraft:phantom_membrane":1,"minecraft:furnace":1,"minecraft:stick":16,"minecraft:raw_iron":82,"minecraft:torch":1,"minecraft:porkchop":27,"minecraft:cherry_log":5,"minecraft:diorite":30,"minecraft:redstone":22,"minecraft:iron_horse_armor":1,"minecraft:stone_sword":1,"minecraft:arrow":2,"minecraft:rotten_flesh":14,"minecraft:hay_block":6,"minecraft:carved_pumpkin":1,"minecraft:mutton":21,"minecraft:white_wool":27,"minecraft:cobblestone":303,"minecraft:pink_petals":6,"minecraft:feather":8,"minecraft:cherry_planks":13,"minecraft:glow_ink_sac":4,"minecraft:andesite":6,"minecraft:brown_wool":2,"minecraft:leather":22,"minecraft:tuff":3,"minecraft:oak_log":78,"minecraft:gunpowder":2,"minecraft:dirt":106,"minecraft:cooked_mutton":7,"minecraft:bone":4,"minecraft:wheat_seeds":35,"minecraft:iron_ingot":40,"minecraft:stone_pickaxe":1,"minecraft:glass_bottle":2,"minecraft:oak_planks":137,"minecraft:cooked_porkchop":1,"minecraft:dandelion":4,"minecraft:spyglass":2,"minecraft:gravel":2,"minecraft:white_bed":6,"minecraft:dark_oak_log":28,"minecraft:spider_eye":5,"minecraft:diamond":16,"minecraft:stone_axe":3,"minecraft:crossbow":1,"minecraft:granite":1,"minecraft:oak_sapling":4,"minecraft:black_wool":2,"minecraft:coal":27}},"DataVersion":3953}