{"stats":{"minecraft:dropped":{"minecraft:pink_petals":5},"minecraft:killed":{"minecraft:sheep":1,"minecraft:zombie":1,"minecraft:cow":1},"minecraft:mined":{"minecraft:pink_petals":2,"minecraft:short_grass":12,"minecraft:tall_grass":6,"minecraft:powder_snow":6},"minecraft:picked_up":{"minecraft:pink_petals":5,"minecraft:rotten_flesh":1,"minecraft:leather":1,"minecraft:wheat_seeds":5,"minecraft:beef":1},"minecraft:custom":{"minecraft:time_since_rest":17808,"minecraft:crouch_one_cm":18,"minecraft:play_time":42129,"minecraft:sprint_one_cm":37949,"minecraft:damage_taken":781,"minecraft:deaths":3,"minecraft:walk_one_cm":18224,"minecraft:sneak_time":10,"minecraft:mob_kills":3,"minecraft:drop":1,"minecraft:jump":341,"minecraft:damage_dealt":518,"minecraft:leave_game":4,"minecraft:time_since_death":11140,"minecraft:total_world_time":42129,"minecraft:fall_one_cm":19733,"minecraft:fly_one_cm":76832}},"DataVersion":3953}