{"stats":{"minecraft:used":{"minecraft:wooden_pickaxe":5},"minecraft:killed":{"minecraft:sheep":1,"minecraft:zombie":1,"minecraft:cow":1},"minecraft:mined":{"minecraft:pink_petals":2,"minecraft:short_grass":33,"minecraft:tall_grass":9,"minecraft:powder_snow":6},"minecraft:dropped":{"minecraft:pink_petals":5},"minecraft:killed_by":{"minecraft:spider":1,"minecraft:zombie":3,"minecraft:player":1},"minecraft:custom":{"minecraft:time_since_rest":17502,"minecraft:crouch_one_cm":18,"minecraft:play_time":104833,"minecraft:sprint_one_cm":76649,"minecraft:damage_taken":2271,"minecraft:deaths":9,"minecraft:walk_one_cm":36833,"minecraft:sneak_time":10,"minecraft:mob_kills":4,"minecraft:drop":1,"minecraft:jump":746,"minecraft:damage_dealt":790,"minecraft:leave_game":6,"minecraft:time_since_death":7323,"minecraft:total_world_time":104833,"minecraft:fall_one_cm":36674,"minecraft:fly_one_cm":169325},"minecraft:picked_up":{"minecraft:stick":1,"minecraft:pink_petals":5,"minecraft:crafting_table":1,"minecraft:cherry_planks":13,"minecraft:rotten_flesh":1,"minecraft:stone_axe":1,"minecraft:leather":3,"minecraft:wheat_seeds":8,"minecraft:wooden_pickaxe":1,"minecraft:beef":4,"minecraft:coal":11,"minecraft:dirt":1,"minecraft:white_wool":1,"minecraft:cobblestone":42}},"DataVersion":3953}