{"stats":{"minecraft:broken":{"minecraft:iron_leggings":1,"minecraft:stone_pickaxe":2,"minecraft:stone_axe":2,"minecraft:iron_sword":1,"minecraft:stone_shovel":2,"minecraft:iron_pickaxe":9,"minecraft:iron_helmet":1},"minecraft:killed":{"minecraft:cave_spider":8,"minecraft:witch":3,"minecraft:spider":11,"minecraft:skeleton":46,"minecraft:chicken":14,"minecraft:silverfish":40,"minecraft:piglin":1,"minecraft:magma_cube":1,"minecraft:pig":28,"minecraft:zombie_villager":1,"minecraft:iron_golem":2,"minecraft:creeper":1,"minecraft:sheep":40,"minecraft:pillager":6,"minecraft:zombie":72,"minecraft:stray":27,"minecraft:blaze":3,"minecraft:cow":31,"minecraft:phantom":1,"minecraft:drowned":1,"minecraft:husk":47,"minecraft:bat":1,"minecraft:breeze":8,"minecraft:wither_skeleton":5,"minecraft:enderman":4},"minecraft:crafted":{"minecraft:oak_planks":344,"minecraft:iron_boots":5,"minecraft:diamond_leggings":1,"minecraft:bow":1,"minecraft:chest":3,"minecraft:crafting_table":13,"minecraft:spruce_planks":344,"minecraft:wooden_pickaxe":6,"minecraft:iron_helmet":4,"minecraft:iron_chestplate":5,"minecraft:diamond_pickaxe":3,"minecraft:shield":5,"minecraft:stick":68,"minecraft:iron_ingot":59,"minecraft:iron_pickaxe":13,"minecraft:cherry_planks":20,"minecraft:stone_shovel":2,"minecraft:furnace":3,"minecraft:iron_axe":2,"minecraft:stone_pickaxe":7,"minecraft:diamond_boots":1,"minecraft:spruce_boat":1,"minecraft:wheat":117,"minecraft:diamond_sword":3,"minecraft:iron_sword":3,"minecraft:stone_axe":3,"minecraft:bread":50,"minecraft:air":0,"minecraft:iron_leggings":3,"minecraft:white_bed":5,"minecraft:torch":32,"minecraft:diamond_chestplate":2},"minecraft:used":{"minecraft:iron_shovel":20,"minecraft:ladder":1,"minecraft:decorated_pot":1,"minecraft:chest":2,"minecraft:shield":169,"minecraft:iron_sword":599,"minecraft:rotten_flesh":35,"minecraft:iron_chestplate":5,"minecraft:mutton":12,"minecraft:snowball":4,"minecraft:spruce_boat":1,"minecraft:waxed_oxidized_copper":2,"minecraft:grass_block":1,"minecraft:iron_helmet":2,"minecraft:bow":93,"minecraft:sweet_berries":224,"minecraft:oak_sapling":3,"minecraft:furnace":3,"minecraft:potato":33,"minecraft:diorite":41,"minecraft:diamond_boots":1,"minecraft:stone_pickaxe":329,"minecraft:oak_planks":29,"minecraft:ender_pearl":1,"minecraft:wooden_pickaxe":167,"minecraft:golden_apple":7,"minecraft:glow_berries":7,"minecraft:crossbow":6,"minecraft:polished_tuff":4,"minecraft:bread":48,"minecraft:brown_wool":1,"minecraft:diamond_sword":284,"minecraft:andesite":8,"minecraft:waxed_cut_copper_stairs":1,"minecraft:stone_sword":86,"minecraft:flint_and_steel":1,"minecraft:stone_shovel":208,"minecraft:spruce_planks":58,"minecraft:cooked_chicken":6,"minecraft:trial_key":9,"minecraft:torch":34,"minecraft:dirt":366,"minecraft:spyglass":11,"minecraft:granite":3,"minecraft:iron_axe":372,"minecraft:iron_boots":10,"minecraft:diamond_chestplate":2,"minecraft:beef":2,"minecraft:cooked_beef":26,"minecraft:cobbled_deepslate":48,"minecraft:iron_leggings":4,"minecraft:cooked_mutton":29,"minecraft:baked_potato":1,"minecraft:crafting_table":22,"minecraft:white_bed":9,"minecraft:spruce_log":70,"minecraft:oak_log":4,"minecraft:diamond_pickaxe":708,"minecraft:apple":1,"minecraft:wind_charge":5,"minecraft:iron_pickaxe":2821,"minecraft:spruce_sapling":1,"minecraft:stone_axe":299,"minecraft:cobblestone":399,"minecraft:potion":3,"minecraft:cooked_porkchop":1,"minecraft:porkchop":8,"minecraft:bucket":1,"minecraft:diamond_leggings":1},"minecraft:killed_by":{"minecraft:creeper":1,"minecraft:pillager":1,"minecraft:witch":1,"minecraft:zombie":13,"minecraft:husk":2,"minecraft:player":4,"minecraft:spider":3,"minecraft:skeleton":3},"minecraft:dropped":{"minecraft:iron_sword":1,"minecraft:glass_bottle":3,"minecraft:diamond":8,"minecraft:decorated_pot":4,"minecraft:glow_berries":11,"minecraft:black_bed":1,"minecraft:leather":3,"minecraft:iron_horse_armor":2,"minecraft:flint":4,"minecraft:dirt":33,"minecraft:mutton":2,"minecraft:snowball":16,"minecraft:phantom_membrane":1,"minecraft:glistering_melon_slice":8,"minecraft:iron_pickaxe":3,"minecraft:white_wool":2,"minecraft:bone":28,"minecraft:gravel":40,"minecraft:stone_axe":2,"minecraft:compass":1,"minecraft:sugar_cane":25,"minecraft:spyglass":1,"minecraft:cobbled_deepslate":16,"minecraft:wheat":4,"minecraft:rotten_flesh":82,"minecraft:oak_planks":15,"minecraft:honey_bottle":1,"minecraft:white_bed":2,"minecraft:waxed_copper_block":3,"minecraft:wind_charge":5,"minecraft:poppy":3,"minecraft:tipped_arrow":6,"minecraft:breeze_rod":3,"minecraft:arrow":2,"minecraft:iron_ingot":83,"minecraft:bread":1,"minecraft:stripped_spruce_log":3,"minecraft:wheat_seeds":2,"minecraft:golden_horse_armor":1,"minecraft:feather":6,"minecraft:cobblestone":68,"minecraft:waxed_copper_grate":2,"minecraft:polished_tuff":4,"minecraft:granite":6,"minecraft:coal":33,"minecraft:stick":2,"minecraft:diorite":9,"minecraft:cherry_planks":7,"minecraft:waxed_copper_bulb":5,"minecraft:waxed_oxidized_copper":2,"minecraft:iron_axe":4,"minecraft:string":14,"minecraft:pink_petals":5,"minecraft:tripwire_hook":1,"minecraft:spruce_sapling":9,"minecraft:sweet_berries":64,"minecraft:raw_copper":41,"minecraft:tuff":1,"minecraft:raw_iron":2,"minecraft:stone_shovel":1,"minecraft:chicken":14,"minecraft:iron_boots":1,"minecraft:red_terracotta":1,"minecraft:flint_and_steel":1,"minecraft:diamond_sword":1,"minecraft:trial_key":5,"minecraft:diamond_chestplate":1,"minecraft:spruce_planks":48,"minecraft:iron_chestplate":3,"minecraft:diamond_pickaxe":1,"minecraft:andesite":26,"minecraft:oak_sapling":2,"minecraft:golden_sword":1,"minecraft:spruce_log":64,"minecraft:bow":2,"minecraft:brick":144},"minecraft:mined":{"minecraft:spruce_planks":10,"minecraft:white_bed":8,"minecraft:cherry_log":5,"minecraft:carved_pumpkin":1,"minecraft:granite":51,"minecraft:budding_amethyst":1,"minecraft:grass_block":160,"minecraft:chiseled_tuff_bricks":3,"minecraft:tuff_bricks":64,"minecraft:spawner":11,"minecraft:magma_block":65,"minecraft:iron_ore":191,"minecraft:cobbled_deepslate":2,"minecraft:polished_tuff":5,"minecraft:waxed_oxidized_copper_bulb":1,"minecraft:deepslate_lapis_ore":12,"minecraft:pointed_dripstone":11,"minecraft:polished_tuff_slab":1,"minecraft:waxed_cut_copper_stairs":2,"minecraft:medium_amethyst_bud":1,"minecraft:powder_snow":37,"minecraft:torch":1,"minecraft:calcite":7,"minecraft:chest":2,"minecraft:cobblestone":95,"minecraft:oak_planks":3,"minecraft:sugar_cane":11,"minecraft:waxed_chiseled_copper":2,"minecraft:wall_torch":17,"minecraft:amethyst_block":8,"minecraft:deepslate_copper_ore":3,"minecraft:pink_petals":2,"minecraft:waxed_copper_bulb":6,"minecraft:light_gray_stained_glass":8,"minecraft:waxed_copper_block":18,"minecraft:black_bed":1,"minecraft:oak_log":170,"minecraft:waxed_oxidized_copper":3,"minecraft:sand":6,"minecraft:dirt":344,"minecraft:smooth_basalt":15,"minecraft:oak_leaves":31,"minecraft:deepslate":552,"minecraft:tuff":24,"minecraft:deepslate_diamond_ore":155,"minecraft:dark_oak_log":30,"minecraft:dark_oak_fence":3,"minecraft:ladder":3,"minecraft:decorated_pot":30,"minecraft:spruce_leaves":76,"minecraft:large_fern":13,"minecraft:hay_block":19,"minecraft:furnace":2,"minecraft:waxed_copper_grate":8,"minecraft:andesite":60,"minecraft:stripped_spruce_log":1,"minecraft:chiseled_tuff":3,"minecraft:rail":3,"minecraft:deepslate_iron_ore":78,"minecraft:packed_ice":1,"minecraft:waxed_weathered_copper_bulb":6,"minecraft:stone":2095,"minecraft:waxed_exposed_copper_bulb":4,"minecraft:soul_sand":2,"minecraft:snow_block":6,"minecraft:crafting_table":13,"minecraft:short_grass":62,"minecraft:emerald_ore":5,"minecraft:sculk_sensor":1,"minecraft:copper_ore":18,"minecraft:tall_grass":17,"minecraft:deepslate_coal_ore":3,"minecraft:red_glazed_terracotta":1,"minecraft:lapis_ore":4,"minecraft:sculk":15,"minecraft:diorite":89,"minecraft:sweet_berry_bush":120,"minecraft:spruce_log":289,"minecraft:birch_leaves":2,"minecraft:black_wool":1,"minecraft:coal_ore":97,"minecraft:gravel":36,"minecraft:dripstone_block":4,"minecraft:cobweb":134,"minecraft:fern":6},"minecraft:custom":{"minecraft:interact_with_crafting_table":127,"minecraft:open_barrel":47,"minecraft:leave_game":36,"minecraft:time_since_death":16329,"minecraft:sprint_one_cm":2651517,"minecraft:damage_blocked_by_shield":7035,"minecraft:drop":195,"minecraft:talked_to_villager":30,"minecraft:play_time":1160102,"minecraft:deaths":37,"minecraft:jump":16122,"minecraft:walk_on_water_one_cm":213033,"minecraft:enchant_item":3,"minecraft:interact_with_furnace":40,"minecraft:sleep_in_bed":14,"minecraft:damage_dealt":57864,"minecraft:player_kills":2,"minecraft:crouch_one_cm":24080,"minecraft:inspect_dispenser":3,"minecraft:mob_kills":408,"minecraft:interact_with_campfire":2,"minecraft:climb_one_cm":75946,"minecraft:walk_one_cm":3411891,"minecraft:sneak_time":15770,"minecraft:walk_under_water_one_cm":117565,"minecraft:boat_one_cm":32770,"minecraft:total_world_time":1160102,"minecraft:time_since_rest":16361,"minecraft:damage_taken":16989,"minecraft:damage_absorbed":180,"minecraft:swim_one_cm":217950,"minecraft:fly_one_cm":2129571,"minecraft:open_chest":209,"minecraft:fall_one_cm":405269},"minecraft:picked_up":{"minecraft:iron_chestplate":4,"minecraft:wheat":2,"minecraft:diamond_sword":1,"minecraft:enchanted_book":3,"minecraft:potion":3,"minecraft:string":17,"minecraft:raw_copper":41,"minecraft:iron_leggings":2,"minecraft:armor_stand":2,"minecraft:cobbled_deepslate":420,"minecraft:bucket":1,"minecraft:spruce_planks":363,"minecraft:trial_key":23,"minecraft:iron_pickaxe":4,"minecraft:furnace":2,"minecraft:iron_boots":2,"minecraft:tipped_arrow":47,"minecraft:stick":73,"minecraft:torch":69,"minecraft:porkchop":56,"minecraft:cherry_log":5,"minecraft:waxed_copper_grate":2,"minecraft:diorite":84,"minecraft:waxed_cut_copper_stairs":1,"minecraft:stone_sword":2,"minecraft:honey_bottle":1,"minecraft:rotten_flesh":229,"minecraft:carved_pumpkin":1,"minecraft:snowball":56,"minecraft:cobblestone":2588,"minecraft:pink_petals":6,"minecraft:magma_block":62,"minecraft:feather":18,"minecraft:cherry_planks":16,"minecraft:andesite":60,"minecraft:black_bed":1,"minecraft:brown_wool":2,"minecraft:potato":33,"minecraft:flint":4,"minecraft:tuff":13,"minecraft:dirt":655,"minecraft:bone":45,"minecraft:bow":8,"minecraft:wheat_seeds":38,"minecraft:oak_planks":190,"minecraft:cooked_porkchop":3,"minecraft:sand":3,"minecraft:stripped_spruce_log":3,"minecraft:grass_block":1,"minecraft:red_terracotta":1,"minecraft:dark_oak_log":28,"minecraft:blue_terracotta":1,"minecraft:diamond":169,"minecraft:breeze_rod":7,"minecraft:crossbow":2,"minecraft:granite":50,"minecraft:golden_apple":2,"minecraft:emerald":71,"minecraft:bread":34,"minecraft:oak_sapling":16,"minecraft:diamond_pickaxe":2,"minecraft:crafting_table":14,"minecraft:chicken":22,"minecraft:ladder":3,"minecraft:wooden_pickaxe":2,"minecraft:brick":81,"minecraft:shield":2,"minecraft:wind_charge":8,"minecraft:iron_axe":8,"minecraft:flint_and_steel":1,"minecraft:compass":1,"minecraft:iron_shovel":2,"minecraft:beef":71,"minecraft:poppy":3,"minecraft:sugar_cane":39,"minecraft:chest":3,"minecraft:waxed_oxidized_copper":4,"minecraft:phantom_membrane":1,"minecraft:raw_iron":279,"minecraft:trident":1,"minecraft:redstone":22,"minecraft:iron_horse_armor":1,"minecraft:stone_shovel":6,"minecraft:arrow":196,"minecraft:diamond_chestplate":1,"minecraft:decorated_pot":5,"minecraft:hay_block":19,"minecraft:gold_ingot":2,"minecraft:tuff_bricks":73,"minecraft:mutton":57,"minecraft:rail":2,"minecraft:white_wool":51,"minecraft:glow_ink_sac":6,"minecraft:leather":38,"minecraft:waxed_copper_bulb":5,"minecraft:oak_log":216,"minecraft:waxed_copper_block":4,"minecraft:gunpowder":2,"minecraft:cooked_mutton":17,"minecraft:apple":5,"minecraft:iron_ingot":134,"minecraft:stone_pickaxe":2,"minecraft:cooked_chicken":3,"minecraft:glass_bottle":3,"minecraft:soul_sand":7,"minecraft:iron_sword":4,"minecraft:smooth_basalt":6,"minecraft:sweet_berries":1405,"minecraft:dandelion":4,"minecraft:spyglass":2,"minecraft:gravel":49,"minecraft:spruce_sapling":33,"minecraft:white_bed":7,"minecraft:spruce_log":320,"minecraft:polished_tuff":12,"minecraft:spider_eye":7,"minecraft:stone_axe":7,"minecraft:iron_helmet":1,"minecraft:gray_wool":1,"minecraft:baked_potato":1,"minecraft:black_wool":5,"minecraft:coal":135,"minecraft:chiseled_tuff_bricks":1,"minecraft:ender_pearl":1}},"DataVersion":3953}