{"stats":{"minecraft:mined":{"minecraft:short_grass":1,"minecraft:powder_snow":3},"minecraft:picked_up":{"minecraft:wheat_seeds":1},"minecraft:custom":{"minecraft:jump":40,"minecraft:time_since_rest":6305,"minecraft:damage_dealt":70,"minecraft:crouch_one_cm":8,"minecraft:sprint_one_cm":4000,"minecraft:play_time":6305,"minecraft:damage_taken":56,"minecraft:time_since_death":6305,"minecraft:walk_one_cm":4057,"minecraft:sneak_time":11,"minecraft:total_world_time":6305,"minecraft:fall_one_cm":685,"minecraft:fly_one_cm":3874}},"DataVersion":3953}