{"stats":{"minecraft:custom":{"minecraft:mob_kills":294,"minecraft:interact_with_crafting_table":68,"minecraft:leave_game":5,"minecraft:time_since_death":373377,"minecraft:climb_one_cm":26900,"minecraft:sprint_one_cm":1454987,"minecraft:walk_one_cm":854715,"minecraft:damage_blocked_by_shield":3788,"minecraft:drop":129,"minecraft:play_time":506498,"minecraft:deaths":6,"minecraft:sneak_time":10841,"minecraft:walk_under_water_one_cm":14072,"minecraft:boat_one_cm":60053,"minecraft:jump":7342,"minecraft:walk_on_water_one_cm":45243,"minecraft:total_world_time":506498,"minecraft:interact_with_furnace":366,"minecraft:sleep_in_bed":13,"minecraft:time_since_rest":54327,"minecraft:damage_taken":7381,"minecraft:damage_dealt":42185,"minecraft:swim_one_cm":40839,"minecraft:fly_one_cm":904312,"minecraft:player_kills":3,"minecraft:open_chest":95,"minecraft:crouch_one_cm":21225,"minecraft:fall_one_cm":174362,"minecraft:horse_one_cm":489815},"minecraft:crafted":{"minecraft:cherry_planks":712,"minecraft:wooden_sword":1,"minecraft:oak_planks":16,"minecraft:stone_shovel":1,"minecraft:spyglass":2,"minecraft:cooked_chicken":21,"minecraft:furnace":10,"minecraft:cherry_boat":2,"minecraft:cooked_mutton":82,"minecraft:flint_and_steel":1,"minecraft:iron_boots":2,"minecraft:iron_axe":2,"minecraft:ladder":33,"minecraft:stone_pickaxe":4,"minecraft:chest":9,"minecraft:dark_oak_planks":8,"minecraft:cooked_beef":79,"minecraft:diamond_sword":1,"minecraft:cooked_porkchop":79,"minecraft:crafting_table":6,"minecraft:baked_potato":1,"minecraft:wooden_pickaxe":1,"minecraft:iron_helmet":1,"minecraft:iron_sword":2,"minecraft:copper_ingot":6,"minecraft:bucket":2,"minecraft:stone_axe":2,"minecraft:air":0,"minecraft:iron_chestplate":1,"minecraft:diamond_pickaxe":1,"minecraft:cherry_sign":3,"minecraft:shield":2,"minecraft:stick":188,"minecraft:iron_pickaxe":8,"minecraft:iron_ingot":304,"minecraft:wooden_axe":1,"minecraft:stone_sword":1,"minecraft:gold_ingot":64,"minecraft:iron_shovel":1,"minecraft:iron_leggings":1,"minecraft:black_bed":1,"minecraft:torch":168,"minecraft:diamond_chestplate":1},"minecraft:dropped":{"minecraft:iron_ingot":38,"minecraft:wheat_seeds":18,"minecraft:glow_ink_sac":3,"minecraft:cooked_porkchop":7,"minecraft:feather":4,"minecraft:crossbow":1,"minecraft:cobblestone":46,"minecraft:grass_block":1,"minecraft:stick":13,"minecraft:cherry_sign":3,"minecraft:dirt":33,"minecraft:gray_wool":1,"minecraft:dark_oak_log":2,"minecraft:diorite":8,"minecraft:torch":3,"minecraft:brown_wool":1,"minecraft:cherry_planks":9,"minecraft:iron_axe":1,"minecraft:iron_pickaxe":1,"minecraft:string":3,"minecraft:dark_oak_planks":8,"minecraft:pink_petals":3,"minecraft:white_wool":13,"minecraft:bone":1,"minecraft:dandelion":3,"minecraft:gravel":1,"minecraft:stone_axe":2,"minecraft:spyglass":2,"minecraft:coarse_dirt":2,"minecraft:stone_sword":2,"minecraft:stone_shovel":1,"minecraft:cherry_sapling":6,"minecraft:rotten_flesh":38,"minecraft:oak_planks":64,"minecraft:name_tag":1,"minecraft:cooked_mutton":13,"minecraft:shield":1,"minecraft:gunpowder":1,"minecraft:andesite":4,"minecraft:chest":1,"minecraft:oak_sapling":5,"minecraft:spider_eye":7,"minecraft:bow":1,"minecraft:stone_pickaxe":2,"minecraft:black_wool":1,"minecraft:bread":4},"minecraft:killed_by":{"minecraft:spider":1,"minecraft:witch":1,"minecraft:zombie":2},"minecraft:broken":{"minecraft:stone_pickaxe":2,"minecraft:stone_axe":1,"minecraft:iron_pickaxe":7,"minecraft:iron_helmet":1},"minecraft:killed":{"minecraft:cave_spider":3,"minecraft:spider":13,"minecraft:slime":1,"minecraft:skeleton":28,"minecraft:chicken":19,"minecraft:drowned":3,"minecraft:pig":44,"minecraft:creeper":4,"minecraft:sheep":53,"minecraft:pillager":21,"minecraft:goat":3,"minecraft:zombie":50,"minecraft:glow_squid":1,"minecraft:enderman":2,"minecraft:cow":26},"minecraft:used":{"minecraft:cherry_boat":2,"minecraft:cherry_sapling":20,"minecraft:iron_shovel":136,"minecraft:stone_shovel":77,"minecraft:ladder":31,"minecraft:chest":10,"minecraft:shield":123,"minecraft:iron_sword":316,"minecraft:cooked_chicken":6,"minecraft:iron_chestplate":3,"minecraft:torch":230,"minecraft:dirt":107,"minecraft:spyglass":29,"minecraft:mutton":2,"minecraft:granite":3,"minecraft:wooden_axe":13,"minecraft:lava_bucket":2,"minecraft:iron_axe":159,"minecraft:iron_helmet":1,"minecraft:iron_boots":3,"minecraft:diamond_chestplate":1,"minecraft:beef":2,"minecraft:furnace":47,"minecraft:cooked_beef":42,"minecraft:iron_leggings":3,"minecraft:cooked_mutton":21,"minecraft:water_bucket":13,"minecraft:baked_potato":2,"minecraft:stone_pickaxe":469,"minecraft:ender_pearl":1,"minecraft:wooden_pickaxe":3,"minecraft:cherry_planks":9,"minecraft:crafting_table":21,"minecraft:crossbow":8,"minecraft:black_bed":9,"minecraft:spruce_log":25,"minecraft:oak_log":4,"minecraft:diamond_pickaxe":1,"minecraft:iron_pickaxe":1870,"minecraft:cherry_sign":2,"minecraft:stone_axe":185,"minecraft:pink_petals":1,"minecraft:diamond_sword":534,"minecraft:wooden_sword":38,"minecraft:cobblestone":296,"minecraft:cooked_porkchop":34,"minecraft:bucket":17,"minecraft:andesite":6},"minecraft:mined":{"minecraft:yellow_terracotta":4,"minecraft:large_amethyst_bud":2,"minecraft:tuff":17,"minecraft:deepslate_diamond_ore":19,"minecraft:cherry_log":180,"minecraft:obsidian":1,"minecraft:granite":76,"minecraft:budding_amethyst":1,"minecraft:grass_block":54,"minecraft:spruce_leaves":11,"minecraft:mud_bricks":25,"minecraft:spawner":1,"minecraft:cherry_wall_sign":1,"minecraft:tall_seagrass":1,"minecraft:redstone_ore":1,"minecraft:furnace":35,"minecraft:packed_mud":2,"minecraft:iron_ore":175,"minecraft:andesite":104,"minecraft:deepslate_lapis_ore":25,"minecraft:azure_bluet":1,"minecraft:gold_block":2,"minecraft:pointed_dripstone":1,"minecraft:deepslate_iron_ore":107,"minecraft:packed_ice":7,"minecraft:stone":996,"minecraft:deepslate_redstone_ore":17,"minecraft:mud_brick_slab":3,"minecraft:snow_block":18,"minecraft:medium_amethyst_bud":1,"minecraft:amethyst_cluster":2,"minecraft:dandelion":2,"minecraft:powder_snow":6,"minecraft:oak_fence":3,"minecraft:crafting_table":15,"minecraft:torch":57,"minecraft:short_grass":77,"minecraft:emerald_ore":2,"minecraft:poppy":1,"minecraft:chest":1,"minecraft:tall_grass":16,"minecraft:copper_ore":11,"minecraft:cobblestone":76,"minecraft:lapis_ore":20,"minecraft:deepslate_gold_ore":49,"minecraft:oak_planks":11,"minecraft:sculk":1,"minecraft:diorite":167,"minecraft:wall_torch":33,"minecraft:amethyst_block":2,"minecraft:deepslate_copper_ore":5,"minecraft:pink_petals":7,"minecraft:seagrass":1,"minecraft:white_terracotta":11,"minecraft:red_terracotta":15,"minecraft:coarse_dirt":1,"minecraft:blue_terracotta":23,"minecraft:sweet_berry_bush":19,"minecraft:spruce_log":43,"minecraft:black_bed":6,"minecraft:yellow_glazed_terracotta":12,"minecraft:stone_brick_stairs":1,"minecraft:coal_ore":72,"minecraft:oak_log":10,"minecraft:cherry_leaves":21,"minecraft:gravel":45,"minecraft:dirt":92,"minecraft:cobweb":21,"minecraft:cherry_sign":1,"minecraft:gold_ore":1,"minecraft:oak_leaves":5,"minecraft:deepslate":216,"minecraft:suspicious_gravel":2},"minecraft:picked_up":{"minecraft:crafting_table":16,"minecraft:mud_brick_slab":6,"minecraft:iron_chestplate":6,"minecraft:coarse_dirt":3,"minecraft:chicken":21,"minecraft:gold_block":2,"minecraft:shield":5,"minecraft:amethyst_block":4,"minecraft:string":33,"minecraft:raw_copper":72,"minecraft:iron_axe":6,"minecraft:wooden_sword":1,"minecraft:iron_leggings":4,"minecraft:cobbled_deepslate":71,"minecraft:beef":91,"minecraft:iron_pickaxe":1,"minecraft:chest":2,"minecraft:furnace":43,"minecraft:iron_boots":5,"minecraft:stick":4,"minecraft:raw_iron":404,"minecraft:copper_ingot":2,"minecraft:oak_fence":3,"minecraft:torch":464,"minecraft:porkchop":87,"minecraft:pointed_dripstone":4,"minecraft:cherry_log":208,"minecraft:diorite":140,"minecraft:redstone":75,"minecraft:iron_horse_armor":1,"minecraft:stone_shovel":5,"minecraft:stone_sword":2,"minecraft:arrow":48,"minecraft:rotten_flesh":61,"minecraft:yellow_terracotta":4,"minecraft:white_terracotta":11,"minecraft:rail":1,"minecraft:obsidian":1,"minecraft:mutton":114,"minecraft:snowball":40,"minecraft:white_wool":29,"minecraft:cobblestone":1377,"minecraft:pink_petals":14,"minecraft:mud_bricks":25,"minecraft:feather":16,"minecraft:cooked_beef":18,"minecraft:cherry_planks":728,"minecraft:glow_ink_sac":12,"minecraft:andesite":106,"minecraft:leather":53,"minecraft:black_bed":11,"minecraft:brown_wool":2,"minecraft:potato":1,"minecraft:packed_mud":2,"minecraft:flint":3,"minecraft:tuff":17,"minecraft:oak_log":30,"minecraft:yellow_glazed_terracotta":10,"minecraft:gunpowder":5,"minecraft:lapis_lazuli":353,"minecraft:dirt":204,"minecraft:name_tag":1,"minecraft:cooked_mutton":14,"minecraft:bone":59,"minecraft:bow":8,"minecraft:wheat_seeds":38,"minecraft:raw_gold":82,"minecraft:stone_pickaxe":3,"minecraft:iron_ingot":93,"minecraft:cherry_sign":5,"minecraft:glass_bottle":1,"minecraft:oak_planks":112,"minecraft:iron_sword":1,"minecraft:cooked_porkchop":2,"minecraft:sweet_berries":29,"minecraft:dandelion":9,"minecraft:spyglass":2,"minecraft:gravel":12,"minecraft:amethyst_shard":14,"minecraft:spruce_sapling":2,"minecraft:grass_block":1,"minecraft:white_bed":1,"minecraft:spruce_log":43,"minecraft:spider_eye":8,"minecraft:dark_oak_log":4,"minecraft:red_terracotta":13,"minecraft:blue_terracotta":22,"minecraft:diamond":22,"minecraft:stone_axe":5,"minecraft:iron_helmet":5,"minecraft:crossbow":2,"minecraft:granite":76,"minecraft:cherry_sapling":26,"minecraft:gray_wool":1,"minecraft:emerald":1,"minecraft:oak_sapling":19,"minecraft:baked_potato":9,"minecraft:black_wool":7,"minecraft:coal":227,"minecraft:ender_pearl":2}},"DataVersion":3953}