{"stats":{"minecraft:killed_by":{"minecraft:spider":1},"minecraft:killed":{"minecraft:sheep":5,"minecraft:zombie":2,"minecraft:pig":4,"minecraft:chicken":2,"minecraft:spider":1,"minecraft:cow":1},"minecraft:mined":{"minecraft:pink_petals":4,"minecraft:furnace":2,"minecraft:iron_ore":14,"minecraft:cherry_log":18,"minecraft:dandelion":2,"minecraft:powder_snow":4,"minecraft:crafting_table":2,"minecraft:short_grass":34,"minecraft:coal_ore":20,"minecraft:oak_log":10,"minecraft:tall_grass":4,"minecraft:cobblestone":1,"minecraft:stone":39},"minecraft:used":{"minecraft:oak_log":4,"minecraft:cooked_mutton":4,"minecraft:wooden_axe":13,"minecraft:iron_axe":9,"minecraft:stone_pickaxe":71,"minecraft:iron_pickaxe":3,"minecraft:chest":1,"minecraft:wooden_pickaxe":3,"minecraft:iron_sword":8,"minecraft:wooden_sword":38,"minecraft:cobblestone":4,"minecraft:mutton":2,"minecraft:beef":2,"minecraft:crafting_table":3,"minecraft:furnace":2},"minecraft:picked_up":{"minecraft:raw_iron":14,"minecraft:feather":3,"minecraft:chicken":2,"minecraft:brown_wool":1,"minecraft:dandelion":4,"minecraft:potato":1,"minecraft:porkchop":8,"minecraft:oak_log":8,"minecraft:cherry_log":18,"minecraft:string":1,"minecraft:wooden_sword":1,"minecraft:rotten_flesh":3,"minecraft:wheat_seeds":12,"minecraft:beef":4,"minecraft:crafting_table":2,"minecraft:black_wool":3,"minecraft:coal":20,"minecraft:mutton":6,"minecraft:furnace":2,"minecraft:white_wool":2,"minecraft:cobblestone":37,"minecraft:pink_petals":10},"minecraft:crafted":{"minecraft:cherry_planks":72,"minecraft:wooden_sword":1,"minecraft:oak_planks":16,"minecraft:cooked_porkchop":8,"minecraft:shield":1,"minecraft:iron_axe":1,"minecraft:crafting_table":2,"minecraft:stick":36,"minecraft:iron_helmet":1,"minecraft:iron_pickaxe":1,"minecraft:iron_ingot":14,"minecraft:wooden_pickaxe":1,"minecraft:cooked_chicken":2,"minecraft:stone_pickaxe":1,"minecraft:wooden_axe":1,"minecraft:iron_sword":1,"minecraft:chest":1,"minecraft:furnace":2,"minecraft:torch":80,"minecraft:air":0,"minecraft:cooked_mutton":4},"minecraft:custom":{"minecraft:time_since_rest":22055,"minecraft:interact_with_furnace":18,"minecraft:sprint_one_cm":38911,"minecraft:damage_taken":576,"minecraft:walk_one_cm":57399,"minecraft:mob_kills":15,"minecraft:damage_dealt":1698,"minecraft:interact_with_crafting_table":14,"minecraft:fly_one_cm":51200,"minecraft:open_chest":9,"minecraft:crouch_one_cm":8,"minecraft:play_time":33305,"minecraft:deaths":1,"minecraft:sneak_time":37,"minecraft:jump":375,"minecraft:time_since_death":22028,"minecraft:total_world_time":33305,"minecraft:fall_one_cm":10309}},"DataVersion":3953}