{"stats":{"minecraft:custom":{"minecraft:interact_with_crafting_table":89,"minecraft:leave_game":11,"minecraft:time_since_death":141589,"minecraft:sprint_one_cm":2376248,"minecraft:damage_blocked_by_shield":5248,"minecraft:drop":230,"minecraft:play_time":750779,"minecraft:deaths":11,"minecraft:jump":11860,"minecraft:walk_on_water_one_cm":53445,"minecraft:interact_with_furnace":415,"minecraft:sleep_in_bed":15,"minecraft:damage_dealt":56408,"minecraft:player_kills":6,"minecraft:crouch_one_cm":27151,"minecraft:horse_one_cm":489815,"minecraft:mob_kills":391,"minecraft:climb_one_cm":55529,"minecraft:walk_one_cm":1485040,"minecraft:sneak_time":15485,"minecraft:walk_under_water_one_cm":15368,"minecraft:boat_one_cm":60053,"minecraft:total_world_time":750779,"minecraft:time_since_rest":100162,"minecraft:damage_taken":11792,"minecraft:swim_one_cm":40839,"minecraft:fly_one_cm":1546115,"minecraft:open_chest":241,"minecraft:fall_one_cm":259330},"minecraft:crafted":{"minecraft:oak_planks":16,"minecraft:cooked_chicken":21,"minecraft:cherry_boat":3,"minecraft:cooked_mutton":89,"minecraft:diamond_helmet":1,"minecraft:iron_boots":4,"minecraft:chest":11,"minecraft:golden_boots":1,"minecraft:cooked_porkchop":98,"minecraft:crafting_table":7,"minecraft:spruce_planks":256,"minecraft:wooden_pickaxe":1,"minecraft:baked_potato":1,"minecraft:iron_helmet":3,"minecraft:copper_ingot":30,"minecraft:iron_chestplate":3,"minecraft:cherry_sign":3,"minecraft:diamond_pickaxe":1,"minecraft:shield":4,"minecraft:stick":236,"minecraft:iron_ingot":320,"minecraft:iron_pickaxe":8,"minecraft:stone_sword":1,"minecraft:gold_ingot":76,"minecraft:black_bed":1,"minecraft:cherry_planks":712,"minecraft:wooden_sword":1,"minecraft:stone_shovel":1,"minecraft:spyglass":2,"minecraft:furnace":10,"minecraft:flint_and_steel":1,"minecraft:iron_axe":3,"minecraft:ladder":33,"minecraft:stone_pickaxe":4,"minecraft:dark_oak_planks":8,"minecraft:cooked_beef":79,"minecraft:diamond_sword":2,"minecraft:iron_sword":2,"minecraft:bucket":3,"minecraft:stone_axe":2,"minecraft:air":0,"minecraft:wooden_axe":1,"minecraft:iron_shovel":2,"minecraft:iron_leggings":4,"minecraft:torch":340,"minecraft:diamond_chestplate":1},"minecraft:used":{"minecraft:cherry_sapling":20,"minecraft:iron_shovel":182,"minecraft:ladder":31,"minecraft:chest":12,"minecraft:shield":166,"minecraft:iron_sword":356,"minecraft:iron_chestplate":3,"minecraft:mutton":2,"minecraft:obsidian":12,"minecraft:lava_bucket":13,"minecraft:iron_helmet":1,"minecraft:golden_sword":32,"minecraft:sweet_berries":9,"minecraft:furnace":47,"minecraft:golden_boots":1,"minecraft:stone_pickaxe":505,"minecraft:ender_pearl":1,"minecraft:wooden_pickaxe":3,"minecraft:crossbow":20,"minecraft:black_bed":9,"minecraft:cherry_sign":2,"minecraft:diamond_sword":755,"minecraft:wooden_sword":38,"minecraft:andesite":6,"minecraft:cherry_boat":2,"minecraft:flint_and_steel":1,"minecraft:stone_shovel":77,"minecraft:cooked_chicken":6,"minecraft:netherrack":6,"minecraft:torch":402,"minecraft:dirt":140,"minecraft:spyglass":37,"minecraft:diamond_helmet":3,"minecraft:granite":3,"minecraft:wooden_axe":13,"minecraft:iron_axe":161,"minecraft:iron_boots":5,"minecraft:diamond_chestplate":3,"minecraft:beef":15,"minecraft:cooked_beef":42,"minecraft:cobbled_deepslate":59,"minecraft:iron_leggings":5,"minecraft:cooked_mutton":32,"minecraft:water_bucket":21,"minecraft:baked_potato":2,"minecraft:cherry_planks":9,"minecraft:crafting_table":22,"minecraft:spruce_log":25,"minecraft:oak_log":4,"minecraft:diamond_pickaxe":450,"minecraft:black_wool":1,"minecraft:iron_pickaxe":1982,"minecraft:stone_axe":185,"minecraft:pink_petals":1,"minecraft:cobblestone":310,"minecraft:cooked_porkchop":76,"minecraft:bucket":36},"minecraft:picked_up":{"minecraft:iron_chestplate":7,"minecraft:nether_brick_fence":1,"minecraft:nether_brick":20,"minecraft:golden_sword":1,"minecraft:amethyst_block":4,"minecraft:string":38,"minecraft:raw_copper":72,"minecraft:soul_soil":68,"minecraft:iron_leggings":5,"minecraft:cherry_boat":1,"minecraft:gold_nugget":96,"minecraft:cobbled_deepslate":216,"minecraft:iron_pickaxe":3,"minecraft:furnace":44,"minecraft:iron_boots":5,"minecraft:stick":46,"minecraft:oak_fence":4,"minecraft:torch":580,"minecraft:porkchop":135,"minecraft:cherry_log":208,"minecraft:pointed_dripstone":7,"minecraft:diorite":145,"minecraft:stone_sword":3,"minecraft:rotten_flesh":92,"minecraft:white_terracotta":11,"minecraft:obsidian":16,"minecraft:snowball":40,"minecraft:cobblestone":1552,"minecraft:pink_petals":14,"minecraft:feather":18,"minecraft:cooked_beef":18,"minecraft:cherry_planks":762,"minecraft:andesite":106,"minecraft:black_bed":11,"minecraft:brown_wool":3,"minecraft:potato":1,"minecraft:flint":3,"minecraft:tuff":22,"minecraft:dirt":257,"minecraft:lapis_lazuli":445,"minecraft:name_tag":1,"minecraft:bone":93,"minecraft:bow":9,"minecraft:wheat_seeds":45,"minecraft:raw_gold":127,"minecraft:oak_planks":122,"minecraft:ghast_tear":1,"minecraft:cooked_porkchop":28,"minecraft:ink_sac":3,"minecraft:grass_block":1,"minecraft:red_terracotta":13,"minecraft:spectral_arrow":22,"minecraft:dark_oak_log":4,"minecraft:blue_terracotta":22,"minecraft:diamond":40,"minecraft:crossbow":3,"minecraft:granite":78,"minecraft:emerald":1,"minecraft:oak_sapling":22,"minecraft:netherrack":105,"minecraft:crafting_table":17,"minecraft:mud_brick_slab":6,"minecraft:coarse_dirt":3,"minecraft:chicken":23,"minecraft:wooden_pickaxe":1,"minecraft:gold_block":2,"minecraft:shield":7,"minecraft:wooden_sword":1,"minecraft:iron_axe":7,"minecraft:flint_and_steel":1,"minecraft:iron_shovel":1,"minecraft:blackstone":24,"minecraft:beef":134,"minecraft:sugar_cane":10,"minecraft:chest":2,"minecraft:raw_iron":508,"minecraft:copper_ingot":2,"minecraft:fire_charge":4,"minecraft:redstone":279,"minecraft:iron_horse_armor":1,"minecraft:arrow":89,"minecraft:stone_shovel":5,"minecraft:yellow_terracotta":4,"minecraft:gold_ingot":51,"minecraft:mutton":147,"minecraft:white_wool":46,"minecraft:rail":5,"minecraft:mud_bricks":25,"minecraft:glow_ink_sac":18,"minecraft:leather":97,"minecraft:packed_mud":2,"minecraft:oak_log":34,"minecraft:yellow_glazed_terracotta":10,"minecraft:golden_boots":1,"minecraft:gunpowder":14,"minecraft:cooked_mutton":40,"minecraft:iron_ingot":149,"minecraft:stone_pickaxe":5,"minecraft:cherry_sign":5,"minecraft:glass_bottle":1,"minecraft:iron_sword":2,"minecraft:soul_sand":75,"minecraft:sweet_berries":45,"minecraft:quartz":18,"minecraft:dandelion":9,"minecraft:spyglass":2,"minecraft:dripstone_block":5,"minecraft:gravel":67,"minecraft:amethyst_shard":14,"minecraft:spruce_sapling":2,"minecraft:white_bed":1,"minecraft:spruce_log":107,"minecraft:crying_obsidian":6,"minecraft:spider_eye":8,"minecraft:stone_axe":6,"minecraft:iron_helmet":6,"minecraft:cherry_sapling":26,"minecraft:gray_wool":4,"minecraft:baked_potato":9,"minecraft:black_wool":8,"minecraft:coal":256,"minecraft:ender_pearl":2},"minecraft:killed":{"minecraft:cave_spider":3,"minecraft:spider":17,"minecraft:skeleton":51,"minecraft:chicken":22,"minecraft:pig":50,"minecraft:creeper":6,"minecraft:sheep":60,"minecraft:pillager":21,"minecraft:goat":3,"minecraft:zombie":73,"minecraft:ghast":2,"minecraft:glow_squid":2,"minecraft:blaze":1,"minecraft:cow":34,"minecraft:slime":1,"minecraft:drowned":3,"minecraft:bat":1,"minecraft:squid":2,"minecraft:wither_skeleton":5,"minecraft:enderman":2},"minecraft:mined":{"minecraft:large_amethyst_bud":2,"minecraft:cherry_log":180,"minecraft:obsidian":17,"minecraft:granite":78,"minecraft:budding_amethyst":1,"minecraft:grass_block":63,"minecraft:soul_soil":28,"minecraft:mud_bricks":25,"minecraft:spawner":1,"minecraft:tall_seagrass":1,"minecraft:cobbled_deepslate":4,"minecraft:iron_ore":205,"minecraft:fire":4,"minecraft:deepslate_lapis_ore":40,"minecraft:azure_bluet":1,"minecraft:pointed_dripstone":1,"minecraft:deepslate_redstone_ore":63,"minecraft:medium_amethyst_bud":1,"minecraft:amethyst_cluster":2,"minecraft:powder_snow":6,"minecraft:torch":119,"minecraft:poppy":1,"minecraft:chest":1,"minecraft:cobblestone":95,"minecraft:oak_planks":11,"minecraft:wall_torch":60,"minecraft:amethyst_block":2,"minecraft:deepslate_copper_ore":5,"minecraft:pink_petals":7,"minecraft:seagrass":1,"minecraft:white_terracotta":11,"minecraft:blue_terracotta":23,"minecraft:black_bed":6,"minecraft:yellow_glazed_terracotta":12,"minecraft:stone_brick_stairs":1,"minecraft:oak_log":11,"minecraft:dirt":97,"minecraft:netherrack":57,"minecraft:oak_leaves":15,"minecraft:deepslate":349,"minecraft:suspicious_gravel":2,"minecraft:nether_gold_ore":24,"minecraft:yellow_terracotta":4,"minecraft:tuff":23,"minecraft:deepslate_diamond_ore":37,"minecraft:glow_lichen":1,"minecraft:spruce_leaves":12,"minecraft:cherry_wall_sign":1,"minecraft:redstone_ore":2,"minecraft:packed_mud":2,"minecraft:furnace":35,"minecraft:andesite":104,"minecraft:gold_block":2,"minecraft:nether_brick_fence":1,"minecraft:deepslate_iron_ore":177,"minecraft:packed_ice":7,"minecraft:stone":1059,"minecraft:mud_brick_slab":3,"minecraft:soul_sand":8,"minecraft:snow_block":18,"minecraft:dandelion":2,"minecraft:oak_fence":3,"minecraft:crafting_table":16,"minecraft:short_grass":80,"minecraft:emerald_ore":2,"minecraft:tall_grass":16,"minecraft:copper_ore":11,"minecraft:lapis_ore":22,"minecraft:deepslate_gold_ore":90,"minecraft:sculk":1,"minecraft:diorite":167,"minecraft:red_terracotta":15,"minecraft:coarse_dirt":1,"minecraft:sweet_berry_bush":19,"minecraft:spruce_log":43,"minecraft:birch_leaves":1,"minecraft:coal_ore":72,"minecraft:cherry_leaves":21,"minecraft:dripstone_block":5,"minecraft:gravel":54,"minecraft:cobweb":24,"minecraft:cherry_sign":1,"minecraft:gold_ore":5},"minecraft:dropped":{"minecraft:porkchop":1,"minecraft:oak_log":3,"minecraft:glow_ink_sac":3,"minecraft:cooked_porkchop":7,"minecraft:crossbow":1,"minecraft:rail":2,"minecraft:dirt":36,"minecraft:dark_oak_log":2,"minecraft:iron_pickaxe":2,"minecraft:dark_oak_planks":8,"minecraft:white_wool":25,"minecraft:gold_ingot":18,"minecraft:bone":4,"minecraft:gravel":2,"minecraft:stone_axe":3,"minecraft:sugar_cane":10,"minecraft:spyglass":2,"minecraft:pointed_dripstone":3,"minecraft:cherry_sapling":6,"minecraft:rotten_flesh":60,"minecraft:oak_planks":73,"minecraft:cooked_mutton":13,"minecraft:gunpowder":1,"minecraft:chest":1,"minecraft:beef":20,"minecraft:iron_ingot":38,"minecraft:bread":4,"minecraft:wheat_seeds":24,"minecraft:oak_fence":1,"minecraft:feather":4,"minecraft:cobblestone":46,"minecraft:grass_block":1,"minecraft:stick":55,"minecraft:cherry_sign":3,"minecraft:gray_wool":3,"minecraft:diorite":13,"minecraft:torch":3,"minecraft:brown_wool":2,"minecraft:cherry_planks":10,"minecraft:iron_axe":1,"minecraft:string":3,"minecraft:pink_petals":3,"minecraft:dandelion":3,"minecraft:furnace":1,"minecraft:coarse_dirt":2,"minecraft:stone_sword":2,"minecraft:stone_shovel":1,"minecraft:name_tag":1,"minecraft:shield":1,"minecraft:andesite":4,"minecraft:oak_sapling":7,"minecraft:spider_eye":7,"minecraft:bow":1,"minecraft:stone_pickaxe":4,"minecraft:wooden_pickaxe":1,"minecraft:black_wool":1},"minecraft:killed_by":{"minecraft:wither_skeleton":2,"minecraft:witch":1,"minecraft:zombie":2,"minecraft:spider":1},"minecraft:broken":{"minecraft:stone_pickaxe":2,"minecraft:golden_sword":1,"minecraft:stone_axe":1,"minecraft:iron_pickaxe":7,"minecraft:iron_helmet":1}},"DataVersion":3953}