{"stats":{"minecraft:broken":{"minecraft:stone_pickaxe":2,"minecraft:stone_axe":1,"minecraft:iron_pickaxe":4},"minecraft:killed":{"minecraft:cave_spider":3,"minecraft:spider":10,"minecraft:slime":1,"minecraft:skeleton":25,"minecraft:chicken":19,"minecraft:drowned":3,"minecraft:pig":44,"minecraft:creeper":2,"minecraft:sheep":53,"minecraft:pillager":21,"minecraft:goat":3,"minecraft:zombie":39,"minecraft:enderman":1,"minecraft:cow":26},"minecraft:crafted":{"minecraft:cherry_planks":712,"minecraft:wooden_sword":1,"minecraft:oak_planks":16,"minecraft:stone_shovel":1,"minecraft:spyglass":2,"minecraft:cooked_chicken":21,"minecraft:furnace":10,"minecraft:cherry_boat":2,"minecraft:cooked_mutton":82,"minecraft:flint_and_steel":1,"minecraft:iron_boots":2,"minecraft:iron_axe":2,"minecraft:ladder":33,"minecraft:stone_pickaxe":4,"minecraft:chest":9,"minecraft:dark_oak_planks":8,"minecraft:cooked_beef":79,"minecraft:diamond_sword":1,"minecraft:cooked_porkchop":79,"minecraft:crafting_table":6,"minecraft:wooden_pickaxe":1,"minecraft:baked_potato":1,"minecraft:iron_helmet":1,"minecraft:iron_sword":2,"minecraft:copper_ingot":6,"minecraft:bucket":2,"minecraft:stone_axe":2,"minecraft:air":0,"minecraft:iron_chestplate":1,"minecraft:cherry_sign":3,"minecraft:shield":2,"minecraft:stick":172,"minecraft:iron_ingot":300,"minecraft:iron_pickaxe":4,"minecraft:wooden_axe":1,"minecraft:stone_sword":1,"minecraft:iron_shovel":1,"minecraft:iron_leggings":1,"minecraft:gold_ingot":64,"minecraft:black_bed":1,"minecraft:torch":168},"minecraft:used":{"minecraft:cherry_boat":2,"minecraft:cherry_sapling":20,"minecraft:iron_shovel":117,"minecraft:stone_shovel":77,"minecraft:ladder":31,"minecraft:chest":10,"minecraft:shield":108,"minecraft:iron_sword":316,"minecraft:cooked_chicken":6,"minecraft:iron_chestplate":3,"minecraft:torch":174,"minecraft:dirt":92,"minecraft:spyglass":29,"minecraft:mutton":2,"minecraft:granite":3,"minecraft:wooden_axe":13,"minecraft:iron_axe":153,"minecraft:iron_helmet":1,"minecraft:iron_boots":3,"minecraft:beef":2,"minecraft:furnace":47,"minecraft:cooked_beef":42,"minecraft:iron_leggings":3,"minecraft:cooked_mutton":21,"minecraft:water_bucket":7,"minecraft:baked_potato":2,"minecraft:stone_pickaxe":469,"minecraft:ender_pearl":1,"minecraft:wooden_pickaxe":3,"minecraft:cherry_planks":9,"minecraft:crafting_table":21,"minecraft:crossbow":8,"minecraft:black_bed":8,"minecraft:spruce_log":25,"minecraft:oak_log":4,"minecraft:iron_pickaxe":1034,"minecraft:cherry_sign":2,"minecraft:stone_axe":185,"minecraft:pink_petals":1,"minecraft:diamond_sword":445,"minecraft:wooden_sword":38,"minecraft:cobblestone":147,"minecraft:cooked_porkchop":19,"minecraft:bucket":9,"minecraft:andesite":6},"minecraft:killed_by":{"minecraft:spider":1,"minecraft:witch":1,"minecraft:zombie":2},"minecraft:dropped":{"minecraft:bread":4,"minecraft:iron_ingot":38,"minecraft:wheat_seeds":18,"minecraft:glow_ink_sac":3,"minecraft:cooked_porkchop":7,"minecraft:feather":4,"minecraft:crossbow":1,"minecraft:cobblestone":46,"minecraft:stick":13,"minecraft:cherry_sign":3,"minecraft:dirt":33,"minecraft:gray_wool":1,"minecraft:dark_oak_log":2,"minecraft:diorite":8,"minecraft:torch":3,"minecraft:brown_wool":1,"minecraft:cherry_planks":9,"minecraft:iron_axe":1,"minecraft:iron_pickaxe":1,"minecraft:string":3,"minecraft:dark_oak_planks":8,"minecraft:pink_petals":3,"minecraft:white_wool":13,"minecraft:bone":1,"minecraft:dandelion":3,"minecraft:gravel":1,"minecraft:stone_axe":2,"minecraft:spyglass":2,"minecraft:coarse_dirt":2,"minecraft:stone_sword":2,"minecraft:stone_shovel":1,"minecraft:cherry_sapling":6,"minecraft:rotten_flesh":29,"minecraft:oak_planks":64,"minecraft:name_tag":1,"minecraft:cooked_mutton":13,"minecraft:shield":1,"minecraft:gunpowder":1,"minecraft:andesite":4,"minecraft:chest":1,"minecraft:oak_sapling":5,"minecraft:spider_eye":7,"minecraft:bow":1,"minecraft:stone_pickaxe":2,"minecraft:black_wool":1},"minecraft:mined":{"minecraft:large_amethyst_bud":2,"minecraft:tuff":5,"minecraft:deepslate_diamond_ore":3,"minecraft:cherry_log":180,"minecraft:granite":44,"minecraft:budding_amethyst":1,"minecraft:grass_block":53,"minecraft:spruce_leaves":10,"minecraft:spawner":1,"minecraft:cherry_wall_sign":1,"minecraft:tall_seagrass":1,"minecraft:redstone_ore":1,"minecraft:furnace":35,"minecraft:iron_ore":171,"minecraft:andesite":44,"minecraft:deepslate_lapis_ore":4,"minecraft:azure_bluet":1,"minecraft:gold_block":2,"minecraft:deepslate_iron_ore":95,"minecraft:packed_ice":7,"minecraft:stone":599,"minecraft:deepslate_redstone_ore":13,"minecraft:snow_block":18,"minecraft:medium_amethyst_bud":1,"minecraft:amethyst_cluster":2,"minecraft:dandelion":2,"minecraft:powder_snow":6,"minecraft:crafting_table":15,"minecraft:torch":45,"minecraft:short_grass":77,"minecraft:emerald_ore":2,"minecraft:poppy":1,"minecraft:chest":1,"minecraft:cobblestone":31,"minecraft:tall_grass":16,"minecraft:copper_ore":4,"minecraft:lapis_ore":8,"minecraft:deepslate_gold_ore":45,"minecraft:oak_planks":8,"minecraft:sculk":1,"minecraft:diorite":118,"minecraft:wall_torch":24,"minecraft:amethyst_block":2,"minecraft:pink_petals":7,"minecraft:seagrass":1,"minecraft:coarse_dirt":1,"minecraft:sweet_berry_bush":19,"minecraft:spruce_log":43,"minecraft:stone_brick_stairs":1,"minecraft:black_bed":6,"minecraft:coal_ore":72,"minecraft:oak_log":10,"minecraft:cherry_leaves":21,"minecraft:gravel":32,"minecraft:dirt":88,"minecraft:cobweb":18,"minecraft:cherry_sign":1,"minecraft:gold_ore":1,"minecraft:oak_leaves":5,"minecraft:deepslate":165},"minecraft:custom":{"minecraft:mob_kills":272,"minecraft:interact_with_crafting_table":60,"minecraft:leave_game":3,"minecraft:time_since_death":290867,"minecraft:climb_one_cm":16310,"minecraft:sprint_one_cm":1132055,"minecraft:walk_one_cm":706981,"minecraft:damage_blocked_by_shield":3354,"minecraft:drop":127,"minecraft:play_time":423988,"minecraft:deaths":6,"minecraft:sneak_time":7869,"minecraft:walk_under_water_one_cm":13640,"minecraft:boat_one_cm":60053,"minecraft:jump":6205,"minecraft:walk_on_water_one_cm":39651,"minecraft:total_world_time":423988,"minecraft:interact_with_furnace":352,"minecraft:sleep_in_bed":11,"minecraft:time_since_rest":31908,"minecraft:damage_taken":6735,"minecraft:damage_dealt":37499,"minecraft:player_kills":3,"minecraft:swim_one_cm":39000,"minecraft:fly_one_cm":814281,"minecraft:open_chest":74,"minecraft:crouch_one_cm":14373,"minecraft:fall_one_cm":158682,"minecraft:horse_one_cm":489815},"minecraft:picked_up":{"minecraft:coarse_dirt":3,"minecraft:crafting_table":16,"minecraft:iron_chestplate":6,"minecraft:chicken":21,"minecraft:gold_block":2,"minecraft:shield":5,"minecraft:amethyst_block":4,"minecraft:string":30,"minecraft:raw_copper":52,"minecraft:iron_axe":6,"minecraft:wooden_sword":1,"minecraft:iron_leggings":4,"minecraft:cobbled_deepslate":61,"minecraft:beef":91,"minecraft:iron_pickaxe":1,"minecraft:chest":2,"minecraft:furnace":43,"minecraft:iron_boots":5,"minecraft:stick":4,"minecraft:raw_iron":388,"minecraft:copper_ingot":2,"minecraft:torch":444,"minecraft:porkchop":87,"minecraft:cherry_log":208,"minecraft:diorite":91,"minecraft:redstone":56,"minecraft:iron_horse_armor":1,"minecraft:stone_shovel":5,"minecraft:stone_sword":2,"minecraft:arrow":42,"minecraft:rotten_flesh":52,"minecraft:mutton":114,"minecraft:snowball":40,"minecraft:white_wool":29,"minecraft:cobblestone":935,"minecraft:pink_petals":14,"minecraft:feather":16,"minecraft:cooked_beef":18,"minecraft:cherry_planks":728,"minecraft:glow_ink_sac":9,"minecraft:andesite":52,"minecraft:brown_wool":2,"minecraft:black_bed":10,"minecraft:leather":53,"minecraft:potato":1,"minecraft:flint":1,"minecraft:tuff":4,"minecraft:oak_log":30,"minecraft:gunpowder":4,"minecraft:dirt":199,"minecraft:lapis_lazuli":151,"minecraft:name_tag":1,"minecraft:cooked_mutton":14,"minecraft:bone":54,"minecraft:bow":8,"minecraft:wheat_seeds":38,"minecraft:raw_gold":78,"minecraft:iron_ingot":92,"minecraft:stone_pickaxe":3,"minecraft:cherry_sign":5,"minecraft:glass_bottle":1,"minecraft:oak_planks":112,"minecraft:iron_sword":1,"minecraft:cooked_porkchop":2,"minecraft:sweet_berries":29,"minecraft:dandelion":9,"minecraft:spyglass":2,"minecraft:gravel":2,"minecraft:amethyst_shard":14,"minecraft:spruce_sapling":2,"minecraft:spruce_log":43,"minecraft:white_bed":1,"minecraft:dark_oak_log":4,"minecraft:spider_eye":7,"minecraft:diamond":4,"minecraft:stone_axe":5,"minecraft:iron_helmet":5,"minecraft:crossbow":2,"minecraft:granite":44,"minecraft:cherry_sapling":26,"minecraft:gray_wool":1,"minecraft:emerald":1,"minecraft:baked_potato":9,"minecraft:oak_sapling":19,"minecraft:black_wool":7,"minecraft:coal":227,"minecraft:ender_pearl":1}},"DataVersion":3953}