{"stats":{"minecraft:broken":{"minecraft:stone_pickaxe":2},"minecraft:killed":{"minecraft:pig":5,"minecraft:spider":3,"minecraft:slime":1,"minecraft:sheep":8,"minecraft:skeleton":7,"minecraft:zombie":16,"minecraft:chicken":2,"minecraft:cow":7},"minecraft:used":{"minecraft:cooked_mutton":4,"minecraft:stone_shovel":19,"minecraft:stone_pickaxe":338,"minecraft:shield":27,"minecraft:chest":3,"minecraft:wooden_pickaxe":3,"minecraft:iron_sword":147,"minecraft:cooked_chicken":2,"minecraft:iron_chestplate":1,"minecraft:torch":72,"minecraft:mutton":2,"minecraft:crafting_table":9,"minecraft:black_bed":3,"minecraft:granite":3,"minecraft:oak_log":4,"minecraft:wooden_axe":13,"minecraft:iron_axe":10,"minecraft:iron_pickaxe":21,"minecraft:iron_boots":1,"minecraft:stone_axe":78,"minecraft:wooden_sword":38,"minecraft:cobblestone":46,"minecraft:beef":2,"minecraft:furnace":12,"minecraft:cooked_porkchop":8,"minecraft:bucket":1,"minecraft:cooked_beef":2},"minecraft:mined":{"minecraft:snow_block":17,"minecraft:cherry_log":73,"minecraft:dandelion":2,"minecraft:powder_snow":4,"minecraft:crafting_table":8,"minecraft:torch":26,"minecraft:granite":9,"minecraft:short_grass":36,"minecraft:grass_block":1,"minecraft:chest":1,"minecraft:tall_grass":6,"minecraft:cobblestone":19,"minecraft:lapis_ore":2,"minecraft:sculk":1,"minecraft:wall_torch":13,"minecraft:pink_petals":5,"minecraft:furnace":8,"minecraft:iron_ore":99,"minecraft:andesite":3,"minecraft:black_bed":2,"minecraft:oak_log":10,"minecraft:coal_ore":37,"minecraft:deepslate_iron_ore":7,"minecraft:cherry_leaves":4,"minecraft:dirt":1,"minecraft:stone":160,"minecraft:deepslate":2},"minecraft:dropped":{"minecraft:rotten_flesh":8,"minecraft:brown_wool":1,"minecraft:pink_petals":3},"minecraft:crafted":{"minecraft:cooked_beef":11,"minecraft:cherry_planks":264,"minecraft:wooden_sword":1,"minecraft:oak_planks":16,"minecraft:stone_shovel":1,"minecraft:cooked_porkchop":8,"minecraft:crafting_table":2,"minecraft:wooden_pickaxe":1,"minecraft:iron_helmet":1,"minecraft:cooked_chicken":2,"minecraft:iron_sword":1,"minecraft:furnace":4,"minecraft:bucket":1,"minecraft:stone_axe":1,"minecraft:cooked_mutton":9,"minecraft:air":0,"minecraft:iron_boots":1,"minecraft:iron_chestplate":1,"minecraft:shield":1,"minecraft:iron_axe":1,"minecraft:stick":40,"minecraft:iron_ingot":105,"minecraft:iron_pickaxe":1,"minecraft:stone_pickaxe":3,"minecraft:wooden_axe":1,"minecraft:chest":2,"minecraft:iron_leggings":1,"minecraft:black_bed":1,"minecraft:torch":80},"minecraft:killed_by":{"minecraft:spider":1},"minecraft:custom":{"minecraft:interact_with_furnace":112,"minecraft:mob_kills":50,"minecraft:interact_with_crafting_table":22,"minecraft:leave_game":1,"minecraft:time_since_death":98944,"minecraft:sleep_in_bed":1,"minecraft:time_since_rest":47363,"minecraft:sprint_one_cm":231513,"minecraft:damage_taken":1171,"minecraft:walk_one_cm":172246,"minecraft:damage_blocked_by_shield":830,"minecraft:drop":3,"minecraft:damage_dealt":7753,"minecraft:swim_one_cm":2635,"minecraft:fly_one_cm":140246,"minecraft:player_kills":2,"minecraft:open_chest":12,"minecraft:crouch_one_cm":6065,"minecraft:play_time":110221,"minecraft:deaths":1,"minecraft:sneak_time":2995,"minecraft:walk_under_water_one_cm":102,"minecraft:jump":1219,"minecraft:walk_on_water_one_cm":2806,"minecraft:total_world_time":110221,"minecraft:fall_one_cm":29334},"minecraft:picked_up":{"minecraft:pink_petals":13,"minecraft:crafting_table":8,"minecraft:feather":3,"minecraft:chicken":2,"minecraft:cherry_planks":8,"minecraft:andesite":3,"minecraft:leather":4,"minecraft:black_bed":2,"minecraft:brown_wool":2,"minecraft:potato":1,"minecraft:oak_log":8,"minecraft:lapis_lazuli":13,"minecraft:string":3,"minecraft:wooden_sword":1,"minecraft:bone":7,"minecraft:bow":2,"minecraft:wheat_seeds":12,"minecraft:cobbled_deepslate":2,"minecraft:beef":15,"minecraft:chest":1,"minecraft:furnace":8,"minecraft:raw_iron":110,"minecraft:torch":40,"minecraft:dandelion":4,"minecraft:porkchop":8,"minecraft:cherry_log":76,"minecraft:diorite":1,"minecraft:arrow":6,"minecraft:rotten_flesh":13,"minecraft:granite":9,"minecraft:baked_potato":1,"minecraft:black_wool":4,"minecraft:mutton":11,"minecraft:coal":37,"minecraft:snowball":8,"minecraft:white_wool":3,"minecraft:cobblestone":175}},"DataVersion":3953}