{"stats":{"minecraft:custom":{"minecraft:mob_kills":326,"minecraft:interact_with_crafting_table":79,"minecraft:leave_game":8,"minecraft:time_since_death":432263,"minecraft:climb_one_cm":30010,"minecraft:sprint_one_cm":1642878,"minecraft:walk_one_cm":955273,"minecraft:damage_blocked_by_shield":3903,"minecraft:drop":137,"minecraft:play_time":565384,"minecraft:deaths":6,"minecraft:sneak_time":13480,"minecraft:walk_under_water_one_cm":14764,"minecraft:boat_one_cm":60053,"minecraft:jump":8299,"minecraft:walk_on_water_one_cm":49363,"minecraft:total_world_time":565384,"minecraft:interact_with_furnace":374,"minecraft:sleep_in_bed":13,"minecraft:time_since_rest":113213,"minecraft:damage_taken":8162,"minecraft:damage_dealt":45586,"minecraft:swim_one_cm":40839,"minecraft:fly_one_cm":1021156,"minecraft:player_kills":3,"minecraft:open_chest":132,"minecraft:crouch_one_cm":22789,"minecraft:fall_one_cm":196811,"minecraft:horse_one_cm":489815},"minecraft:crafted":{"minecraft:cherry_planks":712,"minecraft:wooden_sword":1,"minecraft:oak_planks":16,"minecraft:stone_shovel":1,"minecraft:spyglass":2,"minecraft:cooked_chicken":21,"minecraft:furnace":10,"minecraft:cherry_boat":3,"minecraft:cooked_mutton":82,"minecraft:flint_and_steel":1,"minecraft:diamond_helmet":1,"minecraft:iron_boots":3,"minecraft:iron_axe":2,"minecraft:ladder":33,"minecraft:stone_pickaxe":4,"minecraft:chest":11,"minecraft:dark_oak_planks":8,"minecraft:golden_boots":1,"minecraft:cooked_beef":79,"minecraft:diamond_sword":1,"minecraft:cooked_porkchop":81,"minecraft:crafting_table":6,"minecraft:baked_potato":1,"minecraft:wooden_pickaxe":1,"minecraft:iron_helmet":2,"minecraft:iron_sword":2,"minecraft:copper_ingot":30,"minecraft:bucket":3,"minecraft:stone_axe":2,"minecraft:air":0,"minecraft:iron_chestplate":2,"minecraft:diamond_pickaxe":1,"minecraft:cherry_sign":3,"minecraft:shield":3,"minecraft:stick":188,"minecraft:iron_pickaxe":8,"minecraft:iron_ingot":304,"minecraft:wooden_axe":1,"minecraft:stone_sword":1,"minecraft:gold_ingot":68,"minecraft:iron_shovel":1,"minecraft:iron_leggings":3,"minecraft:black_bed":1,"minecraft:torch":168,"minecraft:diamond_chestplate":1},"minecraft:dropped":{"minecraft:iron_ingot":38,"minecraft:wheat_seeds":18,"minecraft:glow_ink_sac":3,"minecraft:cooked_porkchop":7,"minecraft:feather":4,"minecraft:crossbow":1,"minecraft:cobblestone":46,"minecraft:grass_block":1,"minecraft:stick":13,"minecraft:cherry_sign":3,"minecraft:dirt":33,"minecraft:gray_wool":1,"minecraft:dark_oak_log":2,"minecraft:diorite":8,"minecraft:torch":3,"minecraft:brown_wool":1,"minecraft:cherry_planks":9,"minecraft:iron_axe":1,"minecraft:iron_pickaxe":1,"minecraft:string":3,"minecraft:dark_oak_planks":8,"minecraft:pink_petals":3,"minecraft:white_wool":13,"minecraft:gold_ingot":8,"minecraft:bone":1,"minecraft:dandelion":3,"minecraft:gravel":1,"minecraft:stone_axe":2,"minecraft:spyglass":2,"minecraft:coarse_dirt":2,"minecraft:stone_sword":2,"minecraft:stone_shovel":1,"minecraft:cherry_sapling":6,"minecraft:rotten_flesh":38,"minecraft:oak_planks":64,"minecraft:name_tag":1,"minecraft:cooked_mutton":13,"minecraft:shield":1,"minecraft:gunpowder":1,"minecraft:andesite":4,"minecraft:chest":1,"minecraft:oak_sapling":5,"minecraft:spider_eye":7,"minecraft:bow":1,"minecraft:stone_pickaxe":2,"minecraft:black_wool":1,"minecraft:bread":4},"minecraft:killed_by":{"minecraft:spider":1,"minecraft:witch":1,"minecraft:zombie":2},"minecraft:broken":{"minecraft:stone_pickaxe":2,"minecraft:stone_axe":1,"minecraft:iron_pickaxe":7,"minecraft:iron_helmet":1},"minecraft:killed":{"minecraft:cave_spider":3,"minecraft:spider":16,"minecraft:slime":1,"minecraft:skeleton":32,"minecraft:chicken":20,"minecraft:drowned":3,"minecraft:pig":47,"minecraft:squid":2,"minecraft:creeper":5,"minecraft:sheep":60,"minecraft:pillager":21,"minecraft:goat":3,"minecraft:ghast":1,"minecraft:zombie":53,"minecraft:glow_squid":1,"minecraft:enderman":2,"minecraft:cow":33},"minecraft:used":{"minecraft:cherry_boat":2,"minecraft:cherry_sapling":20,"minecraft:iron_shovel":164,"minecraft:flint_and_steel":1,"minecraft:stone_shovel":77,"minecraft:ladder":31,"minecraft:chest":12,"minecraft:shield":127,"minecraft:iron_sword":319,"minecraft:netherrack":6,"minecraft:cooked_chicken":6,"minecraft:iron_chestplate":3,"minecraft:torch":247,"minecraft:spyglass":29,"minecraft:dirt":114,"minecraft:mutton":2,"minecraft:diamond_helmet":1,"minecraft:granite":3,"minecraft:obsidian":12,"minecraft:wooden_axe":13,"minecraft:lava_bucket":13,"minecraft:iron_axe":159,"minecraft:iron_helmet":1,"minecraft:iron_boots":3,"minecraft:diamond_chestplate":1,"minecraft:beef":2,"minecraft:furnace":47,"minecraft:cooked_beef":42,"minecraft:iron_leggings":3,"minecraft:golden_boots":1,"minecraft:cooked_mutton":21,"minecraft:water_bucket":20,"minecraft:stone_pickaxe":469,"minecraft:baked_potato":2,"minecraft:ender_pearl":1,"minecraft:wooden_pickaxe":3,"minecraft:cherry_planks":9,"minecraft:crafting_table":21,"minecraft:crossbow":13,"minecraft:black_bed":9,"minecraft:spruce_log":25,"minecraft:oak_log":4,"minecraft:diamond_pickaxe":51,"minecraft:black_wool":1,"minecraft:iron_pickaxe":1944,"minecraft:cherry_sign":2,"minecraft:pink_petals":1,"minecraft:stone_axe":185,"minecraft:diamond_sword":606,"minecraft:wooden_sword":38,"minecraft:cobblestone":309,"minecraft:cooked_porkchop":47,"minecraft:bucket":35,"minecraft:andesite":6},"minecraft:mined":{"minecraft:yellow_terracotta":4,"minecraft:large_amethyst_bud":2,"minecraft:tuff":17,"minecraft:deepslate_diamond_ore":19,"minecraft:cherry_log":180,"minecraft:obsidian":17,"minecraft:granite":76,"minecraft:budding_amethyst":1,"minecraft:grass_block":60,"minecraft:soul_soil":27,"minecraft:spruce_leaves":12,"minecraft:mud_bricks":25,"minecraft:spawner":1,"minecraft:cherry_wall_sign":1,"minecraft:tall_seagrass":1,"minecraft:redstone_ore":1,"minecraft:furnace":35,"minecraft:packed_mud":2,"minecraft:iron_ore":175,"minecraft:andesite":104,"minecraft:deepslate_lapis_ore":25,"minecraft:azure_bluet":1,"minecraft:gold_block":2,"minecraft:pointed_dripstone":1,"minecraft:deepslate_iron_ore":107,"minecraft:packed_ice":7,"minecraft:stone":1033,"minecraft:deepslate_redstone_ore":17,"minecraft:mud_brick_slab":3,"minecraft:soul_sand":3,"minecraft:snow_block":18,"minecraft:medium_amethyst_bud":1,"minecraft:amethyst_cluster":2,"minecraft:dandelion":2,"minecraft:powder_snow":6,"minecraft:oak_fence":3,"minecraft:crafting_table":15,"minecraft:torch":59,"minecraft:short_grass":79,"minecraft:emerald_ore":2,"minecraft:poppy":1,"minecraft:chest":1,"minecraft:tall_grass":16,"minecraft:copper_ore":11,"minecraft:cobblestone":94,"minecraft:lapis_ore":20,"minecraft:deepslate_gold_ore":49,"minecraft:oak_planks":11,"minecraft:sculk":1,"minecraft:diorite":167,"minecraft:wall_torch":35,"minecraft:amethyst_block":2,"minecraft:deepslate_copper_ore":5,"minecraft:pink_petals":7,"minecraft:seagrass":1,"minecraft:white_terracotta":11,"minecraft:red_terracotta":15,"minecraft:coarse_dirt":1,"minecraft:blue_terracotta":23,"minecraft:sweet_berry_bush":19,"minecraft:spruce_log":43,"minecraft:black_bed":6,"minecraft:yellow_glazed_terracotta":12,"minecraft:stone_brick_stairs":1,"minecraft:coal_ore":72,"minecraft:oak_log":10,"minecraft:cherry_leaves":21,"minecraft:gravel":45,"minecraft:dirt":93,"minecraft:cobweb":22,"minecraft:netherrack":44,"minecraft:cherry_sign":1,"minecraft:gold_ore":1,"minecraft:oak_leaves":11,"minecraft:deepslate":216,"minecraft:suspicious_gravel":2},"minecraft:picked_up":{"minecraft:iron_chestplate":6,"minecraft:crafting_table":16,"minecraft:mud_brick_slab":6,"minecraft:coarse_dirt":3,"minecraft:chicken":21,"minecraft:gold_block":2,"minecraft:shield":5,"minecraft:amethyst_block":4,"minecraft:string":36,"minecraft:raw_copper":72,"minecraft:soul_soil":27,"minecraft:iron_axe":6,"minecraft:wooden_sword":1,"minecraft:iron_leggings":4,"minecraft:cobbled_deepslate":71,"minecraft:beef":100,"minecraft:iron_pickaxe":1,"minecraft:chest":2,"minecraft:furnace":43,"minecraft:iron_boots":5,"minecraft:stick":4,"minecraft:raw_iron":404,"minecraft:copper_ingot":2,"minecraft:oak_fence":3,"minecraft:torch":468,"minecraft:fire_charge":2,"minecraft:porkchop":93,"minecraft:cherry_log":208,"minecraft:pointed_dripstone":4,"minecraft:diorite":140,"minecraft:redstone":75,"minecraft:iron_horse_armor":1,"minecraft:stone_sword":2,"minecraft:arrow":52,"minecraft:stone_shovel":5,"minecraft:rotten_flesh":65,"minecraft:yellow_terracotta":4,"minecraft:gold_ingot":2,"minecraft:white_terracotta":11,"minecraft:mutton":126,"minecraft:obsidian":16,"minecraft:white_wool":34,"minecraft:snowball":40,"minecraft:rail":1,"minecraft:cobblestone":1425,"minecraft:pink_petals":14,"minecraft:mud_bricks":25,"minecraft:feather":16,"minecraft:cooked_beef":18,"minecraft:cherry_planks":728,"minecraft:glow_ink_sac":12,"minecraft:andesite":106,"minecraft:brown_wool":2,"minecraft:black_bed":11,"minecraft:leather":66,"minecraft:potato":1,"minecraft:packed_mud":2,"minecraft:flint":3,"minecraft:tuff":17,"minecraft:oak_log":30,"minecraft:yellow_glazed_terracotta":10,"minecraft:gunpowder":8,"minecraft:lapis_lazuli":353,"minecraft:dirt":211,"minecraft:name_tag":1,"minecraft:cooked_mutton":14,"minecraft:bone":62,"minecraft:bow":8,"minecraft:wheat_seeds":39,"minecraft:raw_gold":82,"minecraft:stone_pickaxe":3,"minecraft:iron_ingot":93,"minecraft:cherry_sign":5,"minecraft:glass_bottle":1,"minecraft:iron_sword":1,"minecraft:oak_planks":112,"minecraft:soul_sand":7,"minecraft:cooked_porkchop":2,"minecraft:sweet_berries":29,"minecraft:spectral_arrow":11,"minecraft:dandelion":9,"minecraft:spyglass":2,"minecraft:gravel":12,"minecraft:amethyst_shard":14,"minecraft:spruce_sapling":2,"minecraft:ink_sac":3,"minecraft:grass_block":1,"minecraft:white_bed":1,"minecraft:spruce_log":43,"minecraft:spider_eye":8,"minecraft:dark_oak_log":4,"minecraft:crying_obsidian":3,"minecraft:red_terracotta":13,"minecraft:blue_terracotta":22,"minecraft:diamond":22,"minecraft:stone_axe":5,"minecraft:iron_helmet":5,"minecraft:crossbow":2,"minecraft:granite":76,"minecraft:cherry_sapling":26,"minecraft:gray_wool":2,"minecraft:emerald":1,"minecraft:oak_sapling":19,"minecraft:baked_potato":9,"minecraft:netherrack":49,"minecraft:black_wool":8,"minecraft:coal":227,"minecraft:ender_pearl":2}},"DataVersion":3953}