{"stats":{"minecraft:custom":{"minecraft:interact_with_crafting_table":95,"minecraft:leave_game":12,"minecraft:time_since_death":225411,"minecraft:sprint_one_cm":2618707,"minecraft:damage_blocked_by_shield":5542,"minecraft:drop":252,"minecraft:play_time":834601,"minecraft:deaths":11,"minecraft:jump":13116,"minecraft:walk_on_water_one_cm":56376,"minecraft:interact_with_furnace":440,"minecraft:sleep_in_bed":16,"minecraft:damage_dealt":62891,"minecraft:player_kills":7,"minecraft:crouch_one_cm":28857,"minecraft:horse_one_cm":489815,"minecraft:mob_kills":423,"minecraft:climb_one_cm":76283,"minecraft:walk_one_cm":1645470,"minecraft:sneak_time":16600,"minecraft:walk_under_water_one_cm":15388,"minecraft:boat_one_cm":60053,"minecraft:total_world_time":834601,"minecraft:time_since_rest":4277,"minecraft:damage_taken":12554,"minecraft:swim_one_cm":41199,"minecraft:fly_one_cm":1682757,"minecraft:open_chest":317,"minecraft:fall_one_cm":285390},"minecraft:crafted":{"minecraft:oak_planks":48,"minecraft:cooked_chicken":21,"minecraft:cherry_boat":3,"minecraft:cooked_mutton":89,"minecraft:diamond_helmet":2,"minecraft:diamond_leggings":1,"minecraft:iron_boots":4,"minecraft:chest":23,"minecraft:golden_boots":1,"minecraft:cooked_porkchop":120,"minecraft:crafting_table":8,"minecraft:spruce_planks":268,"minecraft:wooden_pickaxe":1,"minecraft:baked_potato":1,"minecraft:iron_helmet":3,"minecraft:copper_ingot":30,"minecraft:birch_planks":100,"minecraft:iron_chestplate":3,"minecraft:cherry_sign":3,"minecraft:diamond_pickaxe":1,"minecraft:shield":4,"minecraft:stick":256,"minecraft:iron_ingot":414,"minecraft:iron_pickaxe":8,"minecraft:stone_sword":1,"minecraft:gold_ingot":119,"minecraft:black_bed":1,"minecraft:cherry_planks":712,"minecraft:wooden_sword":1,"minecraft:stone_shovel":1,"minecraft:spyglass":2,"minecraft:furnace":10,"minecraft:flint_and_steel":1,"minecraft:iron_axe":3,"minecraft:ladder":39,"minecraft:stone_pickaxe":4,"minecraft:diamond_boots":1,"minecraft:dark_oak_planks":8,"minecraft:cooked_beef":89,"minecraft:diamond_sword":2,"minecraft:iron_sword":2,"minecraft:bucket":3,"minecraft:stone_axe":2,"minecraft:air":0,"minecraft:wooden_axe":1,"minecraft:iron_shovel":2,"minecraft:iron_leggings":4,"minecraft:torch":340,"minecraft:diamond_chestplate":2},"minecraft:used":{"minecraft:cherry_sapling":20,"minecraft:iron_shovel":334,"minecraft:ladder":35,"minecraft:chest":28,"minecraft:shield":175,"minecraft:iron_sword":356,"minecraft:iron_chestplate":3,"minecraft:mutton":2,"minecraft:obsidian":12,"minecraft:lava_bucket":13,"minecraft:iron_helmet":1,"minecraft:golden_sword":32,"minecraft:sweet_berries":9,"minecraft:oak_sapling":1,"minecraft:furnace":47,"minecraft:golden_boots":1,"minecraft:stone_pickaxe":505,"minecraft:ender_pearl":1,"minecraft:wooden_pickaxe":3,"minecraft:crossbow":20,"minecraft:black_bed":9,"minecraft:cherry_sign":2,"minecraft:diamond_sword":859,"minecraft:wooden_sword":38,"minecraft:andesite":6,"minecraft:cherry_boat":2,"minecraft:flint_and_steel":1,"minecraft:stone_shovel":77,"minecraft:cooked_chicken":6,"minecraft:netherrack":6,"minecraft:torch":415,"minecraft:dirt":301,"minecraft:spyglass":38,"minecraft:diamond_helmet":3,"minecraft:granite":3,"minecraft:wooden_axe":13,"minecraft:iron_axe":245,"minecraft:iron_boots":5,"minecraft:diamond_chestplate":3,"minecraft:beef":15,"minecraft:cooked_beef":42,"minecraft:cobbled_deepslate":184,"minecraft:iron_leggings":5,"minecraft:cooked_mutton":46,"minecraft:water_bucket":24,"minecraft:baked_potato":2,"minecraft:cherry_planks":9,"minecraft:crafting_table":23,"minecraft:spruce_log":25,"minecraft:oak_log":4,"minecraft:diamond_pickaxe":786,"minecraft:black_wool":1,"minecraft:iron_pickaxe":1982,"minecraft:stone_axe":185,"minecraft:pink_petals":1,"minecraft:cobblestone":332,"minecraft:cooked_porkchop":80,"minecraft:bucket":39},"minecraft:picked_up":{"minecraft:iron_chestplate":7,"minecraft:nether_brick_fence":1,"minecraft:nether_brick":20,"minecraft:golden_sword":1,"minecraft:amethyst_block":4,"minecraft:string":38,"minecraft:raw_copper":72,"minecraft:soul_soil":68,"minecraft:iron_leggings":5,"minecraft:cherry_boat":1,"minecraft:gold_nugget":96,"minecraft:cobbled_deepslate":315,"minecraft:iron_pickaxe":3,"minecraft:furnace":44,"minecraft:iron_boots":5,"minecraft:stick":46,"minecraft:oak_fence":4,"minecraft:torch":590,"minecraft:porkchop":135,"minecraft:cherry_log":208,"minecraft:pointed_dripstone":7,"minecraft:diorite":145,"minecraft:stone_sword":3,"minecraft:rotten_flesh":107,"minecraft:white_terracotta":11,"minecraft:obsidian":16,"minecraft:snowball":40,"minecraft:cobblestone":1643,"minecraft:birch_log":43,"minecraft:pink_petals":21,"minecraft:feather":18,"minecraft:cooked_beef":18,"minecraft:cherry_planks":762,"minecraft:andesite":106,"minecraft:black_bed":11,"minecraft:brown_wool":3,"minecraft:potato":1,"minecraft:flint":3,"minecraft:tuff":23,"minecraft:dirt":419,"minecraft:lapis_lazuli":557,"minecraft:name_tag":1,"minecraft:bone":130,"minecraft:bow":10,"minecraft:wheat_seeds":46,"minecraft:raw_gold":152,"minecraft:oak_planks":122,"minecraft:ghast_tear":1,"minecraft:cooked_porkchop":28,"minecraft:ink_sac":3,"minecraft:grass_block":1,"minecraft:red_terracotta":13,"minecraft:spectral_arrow":22,"minecraft:dark_oak_log":4,"minecraft:blue_terracotta":22,"minecraft:diamond":61,"minecraft:crossbow":3,"minecraft:granite":78,"minecraft:emerald":1,"minecraft:oak_sapling":25,"minecraft:netherrack":105,"minecraft:crafting_table":18,"minecraft:mud_brick_slab":6,"minecraft:coarse_dirt":3,"minecraft:chicken":23,"minecraft:wooden_pickaxe":1,"minecraft:gold_block":2,"minecraft:shield":7,"minecraft:wooden_sword":1,"minecraft:iron_axe":7,"minecraft:flint_and_steel":1,"minecraft:iron_shovel":1,"minecraft:blackstone":24,"minecraft:beef":134,"minecraft:sugar_cane":10,"minecraft:chest":6,"minecraft:raw_iron":551,"minecraft:copper_ingot":2,"minecraft:fire_charge":4,"minecraft:redstone":423,"minecraft:iron_horse_armor":1,"minecraft:arrow":99,"minecraft:stone_shovel":5,"minecraft:yellow_terracotta":4,"minecraft:gold_ingot":51,"minecraft:mutton":147,"minecraft:white_wool":46,"minecraft:rail":5,"minecraft:mud_bricks":25,"minecraft:glow_ink_sac":18,"minecraft:leather":97,"minecraft:packed_mud":2,"minecraft:oak_log":56,"minecraft:yellow_glazed_terracotta":10,"minecraft:golden_boots":1,"minecraft:gunpowder":17,"minecraft:cooked_mutton":40,"minecraft:iron_ingot":150,"minecraft:stone_pickaxe":5,"minecraft:cherry_sign":5,"minecraft:glass_bottle":1,"minecraft:iron_sword":2,"minecraft:soul_sand":75,"minecraft:sweet_berries":45,"minecraft:quartz":18,"minecraft:dandelion":9,"minecraft:spyglass":2,"minecraft:dripstone_block":10,"minecraft:gravel":73,"minecraft:amethyst_shard":14,"minecraft:spruce_sapling":2,"minecraft:white_bed":1,"minecraft:spruce_log":110,"minecraft:crying_obsidian":6,"minecraft:spider_eye":8,"minecraft:stone_axe":6,"minecraft:iron_helmet":6,"minecraft:cherry_sapling":26,"minecraft:gray_wool":4,"minecraft:baked_potato":9,"minecraft:black_wool":8,"minecraft:coal":256,"minecraft:ender_pearl":2},"minecraft:killed":{"minecraft:cave_spider":3,"minecraft:spider":20,"minecraft:skeleton":62,"minecraft:chicken":22,"minecraft:pig":50,"minecraft:zombie_villager":1,"minecraft:creeper":7,"minecraft:sheep":60,"minecraft:pillager":21,"minecraft:goat":3,"minecraft:zombie":88,"minecraft:ghast":2,"minecraft:glow_squid":2,"minecraft:blaze":1,"minecraft:cow":34,"minecraft:slime":1,"minecraft:drowned":3,"minecraft:bat":1,"minecraft:squid":2,"minecraft:wither_skeleton":5,"minecraft:enderman":2},"minecraft:mined":{"minecraft:large_amethyst_bud":2,"minecraft:cherry_log":180,"minecraft:obsidian":17,"minecraft:granite":78,"minecraft:budding_amethyst":1,"minecraft:grass_block":187,"minecraft:soul_soil":28,"minecraft:mud_bricks":25,"minecraft:spawner":2,"minecraft:tall_seagrass":1,"minecraft:fire":4,"minecraft:iron_ore":220,"minecraft:cobbled_deepslate":15,"minecraft:deepslate_lapis_ore":46,"minecraft:azure_bluet":1,"minecraft:pointed_dripstone":1,"minecraft:deepslate_redstone_ore":96,"minecraft:medium_amethyst_bud":1,"minecraft:amethyst_cluster":2,"minecraft:powder_snow":6,"minecraft:torch":125,"minecraft:poppy":1,"minecraft:chest":5,"minecraft:cobblestone":113,"minecraft:oak_planks":11,"minecraft:wall_torch":62,"minecraft:amethyst_block":2,"minecraft:deepslate_copper_ore":5,"minecraft:pink_petals":9,"minecraft:seagrass":1,"minecraft:white_terracotta":11,"minecraft:blue_terracotta":23,"minecraft:birch_log":43,"minecraft:black_bed":6,"minecraft:yellow_glazed_terracotta":12,"minecraft:stone_brick_stairs":1,"minecraft:oak_log":33,"minecraft:sand":1,"minecraft:dirt":119,"minecraft:netherrack":57,"minecraft:oak_leaves":19,"minecraft:deepslate":435,"minecraft:suspicious_gravel":2,"minecraft:nether_gold_ore":24,"minecraft:yellow_terracotta":4,"minecraft:tuff":26,"minecraft:deepslate_diamond_ore":58,"minecraft:glow_lichen":2,"minecraft:spruce_leaves":12,"minecraft:cherry_wall_sign":1,"minecraft:redstone_ore":2,"minecraft:packed_mud":2,"minecraft:furnace":35,"minecraft:andesite":107,"minecraft:gold_block":2,"minecraft:nether_brick_fence":1,"minecraft:deepslate_iron_ore":213,"minecraft:packed_ice":7,"minecraft:stone":1120,"minecraft:mud_brick_slab":3,"minecraft:soul_sand":8,"minecraft:snow_block":18,"minecraft:dandelion":2,"minecraft:oak_fence":3,"minecraft:crafting_table":17,"minecraft:short_grass":81,"minecraft:emerald_ore":2,"minecraft:copper_ore":11,"minecraft:tall_grass":16,"minecraft:lapis_ore":28,"minecraft:deepslate_gold_ore":111,"minecraft:sculk":1,"minecraft:diorite":169,"minecraft:red_terracotta":15,"minecraft:coarse_dirt":1,"minecraft:sweet_berry_bush":19,"minecraft:spruce_log":46,"minecraft:birch_leaves":5,"minecraft:coal_ore":72,"minecraft:cherry_leaves":21,"minecraft:dripstone_block":5,"minecraft:gravel":58,"minecraft:cobweb":24,"minecraft:cherry_sign":1,"minecraft:gold_ore":9,"minecraft:fern":2},"minecraft:dropped":{"minecraft:porkchop":1,"minecraft:lapis_lazuli":41,"minecraft:oak_log":3,"minecraft:glow_ink_sac":3,"minecraft:cooked_porkchop":7,"minecraft:crossbow":1,"minecraft:rail":2,"minecraft:dirt":36,"minecraft:dark_oak_log":2,"minecraft:iron_pickaxe":2,"minecraft:dark_oak_planks":8,"minecraft:white_wool":25,"minecraft:gold_ingot":18,"minecraft:bone":32,"minecraft:gravel":2,"minecraft:stone_axe":3,"minecraft:sugar_cane":10,"minecraft:spyglass":2,"minecraft:pointed_dripstone":3,"minecraft:cherry_sapling":6,"minecraft:rotten_flesh":67,"minecraft:oak_planks":74,"minecraft:cooked_mutton":13,"minecraft:gunpowder":4,"minecraft:chest":1,"minecraft:beef":20,"minecraft:bread":4,"minecraft:iron_ingot":46,"minecraft:wheat_seeds":24,"minecraft:dripstone_block":10,"minecraft:iron_helmet":1,"minecraft:feather":4,"minecraft:oak_fence":1,"minecraft:cobblestone":58,"minecraft:granite":2,"minecraft:grass_block":1,"minecraft:stick":55,"minecraft:cherry_sign":3,"minecraft:gray_wool":3,"minecraft:diorite":13,"minecraft:torch":3,"minecraft:brown_wool":2,"minecraft:cherry_planks":10,"minecraft:iron_leggings":1,"minecraft:iron_axe":1,"minecraft:string":3,"minecraft:pink_petals":3,"minecraft:dandelion":3,"minecraft:furnace":1,"minecraft:sweet_berries":3,"minecraft:coarse_dirt":2,"minecraft:stone_sword":2,"minecraft:tuff":6,"minecraft:stone_shovel":1,"minecraft:name_tag":1,"minecraft:shield":1,"minecraft:iron_chestplate":1,"minecraft:andesite":4,"minecraft:oak_sapling":7,"minecraft:spider_eye":7,"minecraft:bow":1,"minecraft:stone_pickaxe":4,"minecraft:wooden_pickaxe":1,"minecraft:black_wool":1},"minecraft:killed_by":{"minecraft:wither_skeleton":2,"minecraft:witch":1,"minecraft:zombie":2,"minecraft:spider":1},"minecraft:broken":{"minecraft:stone_pickaxe":2,"minecraft:golden_sword":1,"minecraft:stone_axe":1,"minecraft:iron_pickaxe":7,"minecraft:iron_helmet":1}},"DataVersion":3953}