{"stats":{"minecraft:broken":{"minecraft:iron_boots":1,"minecraft:iron_leggings":1,"minecraft:stone_pickaxe":2,"minecraft:golden_sword":1,"minecraft:stone_axe":1,"minecraft:iron_axe":1,"minecraft:iron_pickaxe":8,"minecraft:iron_helmet":2},"minecraft:killed":{"minecraft:cave_spider":3,"minecraft:witch":1,"minecraft:spider":25,"minecraft:skeleton":71,"minecraft:chicken":40,"minecraft:silverfish":43,"minecraft:magma_cube":6,"minecraft:pig":72,"minecraft:zombie_villager":1,"minecraft:salmon":2,"minecraft:creeper":11,"minecraft:sheep":80,"minecraft:trader_llama":2,"minecraft:pillager":21,"minecraft:goat":3,"minecraft:zombie":112,"minecraft:ghast":2,"minecraft:stray":12,"minecraft:glow_squid":2,"minecraft:blaze":42,"minecraft:cow":44,"minecraft:bogged":75,"minecraft:slime":1,"minecraft:phantom":1,"minecraft:llama":1,"minecraft:drowned":3,"minecraft:husk":65,"minecraft:bat":1,"minecraft:squid":3,"minecraft:breeze":8,"minecraft:wither_skeleton":10,"minecraft:enderman":2},"minecraft:crafted":{"minecraft:smooth_stone":3,"minecraft:oak_planks":132,"minecraft:cooked_chicken":25,"minecraft:cherry_boat":3,"minecraft:stone":3,"minecraft:cooked_mutton":110,"minecraft:diamond_helmet":2,"minecraft:diamond_leggings":1,"minecraft:iron_boots":7,"minecraft:chest":23,"minecraft:respawn_anchor":1,"minecraft:golden_boots":3,"minecraft:emerald":2,"minecraft:cooked_porkchop":181,"minecraft:crafting_table":11,"minecraft:spruce_planks":268,"minecraft:wooden_pickaxe":1,"minecraft:baked_potato":1,"minecraft:iron_helmet":6,"minecraft:copper_ingot":30,"minecraft:birch_planks":172,"minecraft:iron_chestplate":6,"minecraft:book":1,"minecraft:paper":3,"minecraft:diamond_pickaxe":1,"minecraft:cherry_sign":3,"minecraft:shield":5,"minecraft:stick":324,"minecraft:iron_ingot":484,"minecraft:iron_pickaxe":10,"minecraft:iron_block":4,"minecraft:stone_sword":1,"minecraft:gold_ingot":152,"minecraft:black_bed":1,"minecraft:cherry_planks":712,"minecraft:wooden_sword":1,"minecraft:stone_shovel":1,"minecraft:smooth_stone_slab":6,"minecraft:spyglass":2,"minecraft:furnace":17,"minecraft:bone_meal":105,"minecraft:flint_and_steel":1,"minecraft:iron_axe":5,"minecraft:ladder":39,"minecraft:stone_pickaxe":5,"minecraft:diamond_boots":1,"minecraft:dark_oak_planks":8,"minecraft:cooked_beef":109,"minecraft:diamond_sword":3,"minecraft:enchanting_table":1,"minecraft:iron_sword":3,"minecraft:cooked_salmon":2,"minecraft:bucket":3,"minecraft:stone_axe":2,"minecraft:glowstone":26,"minecraft:air":0,"minecraft:oak_boat":1,"minecraft:wooden_axe":1,"minecraft:iron_shovel":3,"minecraft:iron_leggings":6,"minecraft:armor_stand":1,"minecraft:white_bed":2,"minecraft:torch":528,"minecraft:diamond_chestplate":2},"minecraft:used":{"minecraft:nether_brick_fence":1,"minecraft:cherry_sapling":20,"minecraft:iron_shovel":381,"minecraft:ladder":37,"minecraft:chest":28,"minecraft:shield":217,"minecraft:iron_sword":475,"minecraft:iron_chestplate":4,"minecraft:mutton":3,"minecraft:honey_bottle":6,"minecraft:obsidian":12,"minecraft:lava_bucket":13,"minecraft:iron_helmet":2,"minecraft:waxed_exposed_copper_bulb":1,"minecraft:golden_sword":32,"minecraft:bow":22,"minecraft:sweet_berries":110,"minecraft:furnace":58,"minecraft:oak_sapling":4,"minecraft:egg":1,"minecraft:golden_boots":2,"minecraft:diamond_boots":1,"minecraft:stone_pickaxe":506,"minecraft:oak_planks":2,"minecraft:ender_pearl":1,"minecraft:wooden_pickaxe":3,"minecraft:sugar_cane":16,"minecraft:golden_apple":6,"minecraft:respawn_anchor":1,"minecraft:sand":2,"minecraft:crossbow":40,"minecraft:black_bed":9,"minecraft:bread":2,"minecraft:cherry_sign":2,"minecraft:diamond_sword":1902,"minecraft:wooden_sword":38,"minecraft:andesite":6,"minecraft:chest_minecart":1,"minecraft:coarse_dirt":4,"minecraft:bone_meal":25,"minecraft:cherry_boat":2,"minecraft:rose_bush":1,"minecraft:enchanting_table":1,"minecraft:flint_and_steel":32,"minecraft:armor_stand":1,"minecraft:stone_shovel":77,"minecraft:spruce_planks":4,"minecraft:netherrack":93,"minecraft:cooked_chicken":17,"minecraft:trial_key":24,"minecraft:torch":457,"minecraft:dirt":440,"minecraft:spyglass":50,"minecraft:diamond_helmet":4,"minecraft:granite":3,"minecraft:wooden_axe":13,"minecraft:iron_axe":514,"minecraft:iron_boots":6,"minecraft:diamond_chestplate":4,"minecraft:beef":15,"minecraft:cooked_beef":52,"minecraft:cobbled_deepslate":188,"minecraft:iron_leggings":5,"minecraft:cooked_mutton":86,"minecraft:water_bucket":63,"minecraft:baked_potato":2,"minecraft:cherry_planks":9,"minecraft:waxed_copper_block":9,"minecraft:rail":1,"minecraft:crafting_table":26,"minecraft:white_bed":2,"minecraft:spruce_log":25,"minecraft:oak_log":12,"minecraft:black_wool":1,"minecraft:diamond_pickaxe":1284,"minecraft:wind_charge":2,"minecraft:iron_pickaxe":2412,"minecraft:spruce_sapling":1,"minecraft:stone_axe":185,"minecraft:pink_petals":1,"minecraft:cobblestone":514,"minecraft:potion":5,"minecraft:cooked_porkchop":156,"minecraft:bucket":79,"minecraft:diamond_leggings":1},"minecraft:killed_by":{"minecraft:wither_skeleton":2,"minecraft:creeper":1,"minecraft:witch":1,"minecraft:zombie":3,"minecraft:husk":1,"minecraft:player":2,"minecraft:spider":1},"minecraft:dropped":{"minecraft:iron_sword":1,"minecraft:diamond_axe":1,"minecraft:porkchop":16,"minecraft:ominous_bottle":1,"minecraft:lapis_lazuli":41,"minecraft:baked_potato":1,"minecraft:oak_log":119,"minecraft:glow_ink_sac":3,"minecraft:cooked_porkchop":26,"minecraft:crossbow":1,"minecraft:leather":3,"minecraft:rail":2,"minecraft:red_mushroom":1,"minecraft:dirt":267,"minecraft:dark_oak_log":2,"minecraft:mutton":13,"minecraft:music_disc_precipice":1,"minecraft:phantom_membrane":5,"minecraft:bolt_armor_trim_smithing_template":1,"minecraft:iron_pickaxe":4,"minecraft:dark_oak_planks":8,"minecraft:white_wool":25,"minecraft:gold_ingot":100,"minecraft:bone":36,"minecraft:waxed_cut_copper_slab":4,"minecraft:gravel":6,"minecraft:stone_axe":3,"minecraft:sugar_cane":10,"minecraft:spyglass":2,"minecraft:chiseled_tuff_bricks":4,"minecraft:pointed_dripstone":3,"minecraft:cherry_sapling":6,"minecraft:rotten_flesh":117,"minecraft:oak_planks":74,"minecraft:cooked_mutton":14,"minecraft:carrot":1,"minecraft:tipped_arrow":4,"minecraft:mangrove_log":3,"minecraft:trident":1,"minecraft:gunpowder":4,"minecraft:chest":1,"minecraft:arrow":6,"minecraft:chiseled_tuff":1,"minecraft:beef":30,"minecraft:scaffolding":9,"minecraft:enchanted_book":2,"minecraft:bread":5,"minecraft:iron_ingot":106,"minecraft:wheat_seeds":25,"minecraft:cherry_log":16,"minecraft:mossy_cobblestone":4,"minecraft:dripstone_block":12,"minecraft:feather":12,"minecraft:oak_fence":1,"minecraft:cobblestone":123,"minecraft:iron_helmet":2,"minecraft:waxed_copper_grate":4,"minecraft:polished_tuff":1,"minecraft:granite":17,"minecraft:grass_block":1,"minecraft:coal":20,"minecraft:stick":55,"minecraft:iron_block":1,"minecraft:cherry_sign":3,"minecraft:gray_wool":3,"minecraft:diorite":13,"minecraft:ink_sac":1,"minecraft:torch":3,"minecraft:brown_wool":2,"minecraft:cherry_planks":10,"minecraft:iron_leggings":2,"minecraft:iron_axe":5,"minecraft:iron_shovel":5,"minecraft:string":4,"minecraft:pink_petals":3,"minecraft:dandelion":3,"minecraft:furnace":1,"minecraft:tuff_bricks":178,"minecraft:sweet_berries":31,"minecraft:coarse_dirt":2,"minecraft:stone_sword":2,"minecraft:raw_copper":18,"minecraft:tuff":6,"minecraft:guster_banner_pattern":2,"minecraft:raw_iron":1,"minecraft:stone_shovel":1,"minecraft:chicken":6,"minecraft:iron_boots":2,"minecraft:name_tag":1,"minecraft:diamond_sword":2,"minecraft:potato":2,"minecraft:shield":4,"minecraft:flower_pot":1,"minecraft:trial_key":1,"minecraft:spruce_planks":16,"minecraft:iron_chestplate":6,"minecraft:andesite":44,"minecraft:cake":1,"minecraft:oak_sapling":7,"minecraft:waxed_oxidized_cut_copper":7,"minecraft:spider_eye":14,"minecraft:spruce_log":3,"minecraft:wooden_pickaxe":1,"minecraft:bow":3,"minecraft:stone_pickaxe":4,"minecraft:waxed_exposed_copper_bulb":1,"minecraft:raw_gold":5,"minecraft:brick":56,"minecraft:black_wool":1},"minecraft:mined":{"minecraft:waxed_cut_copper_slab":2,"minecraft:large_amethyst_bud":2,"minecraft:cherry_log":180,"minecraft:obsidian":17,"minecraft:granite":93,"minecraft:budding_amethyst":1,"minecraft:grass_block":207,"minecraft:soul_soil":28,"minecraft:chiseled_tuff_bricks":4,"minecraft:mud_bricks":25,"minecraft:tuff_bricks":87,"minecraft:spawner":2,"minecraft:tall_seagrass":2,"minecraft:magma_block":1,"minecraft:glowstone":39,"minecraft:iron_ore":228,"minecraft:cobbled_deepslate":18,"minecraft:fire":4,"minecraft:polished_tuff":8,"minecraft:moss_carpet":1,"minecraft:pumpkin":1,"minecraft:deepslate_lapis_ore":46,"minecraft:azure_bluet":1,"minecraft:pointed_dripstone":1,"minecraft:dirt_path":1,"minecraft:polished_tuff_slab":1,"minecraft:waxed_cut_copper":1,"minecraft:deepslate_redstone_ore":111,"minecraft:medium_amethyst_bud":1,"minecraft:soul_fire":1,"minecraft:amethyst_cluster":2,"minecraft:powder_snow":6,"minecraft:torch":138,"minecraft:poppy":1,"minecraft:chest":5,"minecraft:mushroom_stem":35,"minecraft:cobblestone":144,"minecraft:sugar_cane":46,"minecraft:oak_planks":11,"minecraft:waxed_chiseled_copper":2,"minecraft:wall_torch":67,"minecraft:amethyst_block":2,"minecraft:deepslate_copper_ore":5,"minecraft:pink_petals":9,"minecraft:seagrass":1,"minecraft:white_terracotta":11,"minecraft:waxed_copper_bulb":8,"minecraft:blue_terracotta":23,"minecraft:mud":2,"minecraft:waxed_oxidized_cut_copper_stairs":1,"minecraft:birch_log":47,"minecraft:waxed_copper_block":10,"minecraft:black_bed":6,"minecraft:yellow_glazed_terracotta":12,"minecraft:stone_brick_stairs":1,"minecraft:oak_log":38,"minecraft:waxed_oxidized_copper":6,"minecraft:sand":3,"minecraft:dirt":145,"minecraft:mangrove_log":3,"minecraft:red_mushroom_block":156,"minecraft:netherrack":220,"minecraft:oak_leaves":103,"minecraft:deepslate":548,"minecraft:suspicious_gravel":2,"minecraft:yellow_terracotta":4,"minecraft:nether_gold_ore":39,"minecraft:tuff":38,"minecraft:mossy_cobblestone":1,"minecraft:dark_oak_leaves":2,"minecraft:deepslate_diamond_ore":61,"minecraft:mangrove_roots":3,"minecraft:glow_lichen":2,"minecraft:ladder":1,"minecraft:decorated_pot":32,"minecraft:brown_mushroom_block":45,"minecraft:spruce_leaves":38,"minecraft:large_fern":1,"minecraft:cherry_wall_sign":1,"minecraft:vault":1,"minecraft:redstone_ore":2,"minecraft:packed_mud":2,"minecraft:waxed_oxidized_cut_copper":5,"minecraft:furnace":39,"minecraft:waxed_copper_grate":10,"minecraft:andesite":122,"minecraft:oxidized_copper_trapdoor":1,"minecraft:gold_block":2,"minecraft:chiseled_tuff":2,"minecraft:nether_brick_fence":2,"minecraft:deepslate_iron_ore":223,"minecraft:packed_ice":8,"minecraft:waxed_weathered_copper_bulb":1,"minecraft:stone":1323,"minecraft:mud_brick_slab":3,"minecraft:waxed_exposed_copper_bulb":2,"minecraft:soul_sand":8,"minecraft:snow_block":18,"minecraft:dandelion":2,"minecraft:oak_fence":3,"minecraft:crafting_table":18,"minecraft:mangrove_wood":2,"minecraft:short_grass":92,"minecraft:emerald_ore":3,"minecraft:rose_bush":2,"minecraft:copper_ore":12,"minecraft:tall_grass":18,"minecraft:red_glazed_terracotta":1,"minecraft:deepslate_gold_ore":111,"minecraft:lapis_ore":28,"minecraft:sculk":1,"minecraft:diorite":186,"minecraft:red_terracotta":15,"minecraft:coarse_dirt":5,"minecraft:waxed_oxidized_copper_grate":3,"minecraft:sweet_berry_bush":23,"minecraft:spruce_log":50,"minecraft:birch_leaves":20,"minecraft:muddy_mangrove_roots":1,"minecraft:coal_ore":125,"minecraft:cherry_leaves":21,"minecraft:gravel":58,"minecraft:dripstone_block":5,"minecraft:cobweb":24,"minecraft:cherry_sign":1,"minecraft:gold_ore":9,"minecraft:fern":4},"minecraft:custom":{"minecraft:interact_with_crafting_table":136,"minecraft:open_barrel":13,"minecraft:leave_game":17,"minecraft:time_since_death":254794,"minecraft:sprint_one_cm":4498823,"minecraft:damage_blocked_by_shield":6672,"minecraft:drop":519,"minecraft:talked_to_villager":6,"minecraft:play_time":1328742,"minecraft:deaths":17,"minecraft:jump":20614,"minecraft:walk_on_water_one_cm":119709,"minecraft:enchant_item":8,"minecraft:interact_with_furnace":593,"minecraft:traded_with_villager":2,"minecraft:sleep_in_bed":22,"minecraft:damage_dealt":116989,"minecraft:player_kills":8,"minecraft:crouch_one_cm":43369,"minecraft:inspect_dispenser":1,"minecraft:horse_one_cm":490300,"minecraft:mob_kills":804,"minecraft:climb_one_cm":175379,"minecraft:walk_one_cm":2928349,"minecraft:damage_dealt_absorbed":9,"minecraft:sneak_time":25538,"minecraft:walk_under_water_one_cm":42262,"minecraft:boat_one_cm":60053,"minecraft:total_world_time":1328742,"minecraft:time_since_rest":70471,"minecraft:damage_taken":24079,"minecraft:damage_absorbed":197,"minecraft:swim_one_cm":128098,"minecraft:fly_one_cm":2837495,"minecraft:open_chest":715,"minecraft:fall_one_cm":477786},"minecraft:picked_up":{"minecraft:iron_chestplate":15,"minecraft:nether_brick_fence":2,"minecraft:flower_pot":1,"minecraft:lead":1,"minecraft:diamond_sword":5,"minecraft:potion":17,"minecraft:enchanted_book":10,"minecraft:nether_brick":42,"minecraft:golden_sword":1,"minecraft:amethyst_block":4,"minecraft:waxed_cut_copper_slab":4,"minecraft:string":52,"minecraft:raw_copper":97,"minecraft:soul_soil":68,"minecraft:iron_leggings":7,"minecraft:cherry_boat":1,"minecraft:gold_nugget":157,"minecraft:cobbled_deepslate":398,"minecraft:spruce_planks":16,"minecraft:trial_key":36,"minecraft:rose_bush":2,"minecraft:iron_pickaxe":8,"minecraft:mangrove_log":3,"minecraft:iron_boots":10,"minecraft:furnace":48,"minecraft:tipped_arrow":97,"minecraft:stick":51,"minecraft:oak_fence":4,"minecraft:torch":875,"minecraft:porkchop":210,"minecraft:cherry_log":224,"minecraft:pointed_dripstone":9,"minecraft:waxed_copper_grate":4,"minecraft:diorite":162,"minecraft:stone_sword":3,"minecraft:honey_bottle":15,"minecraft:rotten_flesh":173,"minecraft:iron_block":1,"minecraft:white_terracotta":11,"minecraft:blaze_rod":19,"minecraft:obsidian":21,"minecraft:snowball":40,"minecraft:cobblestone":2060,"minecraft:birch_log":47,"minecraft:pink_petals":21,"minecraft:feather":46,"minecraft:cooked_beef":59,"minecraft:cherry_planks":762,"minecraft:water_bucket":3,"minecraft:andesite":161,"minecraft:black_bed":11,"minecraft:brown_wool":3,"minecraft:potato":3,"minecraft:flint":3,"minecraft:tuff":29,"minecraft:dirt":863,"minecraft:lapis_lazuli":557,"minecraft:name_tag":1,"minecraft:bone":250,"minecraft:bow":20,"minecraft:wheat_seeds":47,"minecraft:raw_gold":157,"minecraft:bolt_armor_trim_smithing_template":4,"minecraft:guster_banner_pattern":2,"minecraft:glowstone_dust":106,"minecraft:scrape_pottery_sherd":12,"minecraft:oak_planks":176,"minecraft:ghast_tear":1,"minecraft:cooked_porkchop":50,"minecraft:sand":2,"minecraft:ink_sac":4,"minecraft:grass_block":1,"minecraft:red_terracotta":13,"minecraft:spectral_arrow":41,"minecraft:dark_oak_log":4,"minecraft:mossy_cobblestone":4,"minecraft:blue_terracotta":22,"minecraft:diamond":69,"minecraft:breeze_rod":36,"minecraft:crossbow":5,"minecraft:granite":108,"minecraft:golden_apple":6,"minecraft:emerald":152,"minecraft:bread":3,"minecraft:music_disc_precipice":2,"minecraft:oak_sapling":30,"minecraft:netherrack":263,"minecraft:waxed_oxidized_cut_copper":7,"minecraft:crafting_table":19,"minecraft:mud_brick_slab":6,"minecraft:coarse_dirt":7,"minecraft:ominous_bottle":6,"minecraft:chicken":47,"minecraft:ladder":2,"minecraft:chest_minecart":1,"minecraft:wooden_pickaxe":1,"minecraft:gold_block":2,"minecraft:brick":56,"minecraft:shield":16,"minecraft:wind_charge":51,"minecraft:iron_axe":15,"minecraft:wooden_sword":1,"minecraft:flint_and_steel":1,"minecraft:iron_shovel":5,"minecraft:blackstone":124,"minecraft:beef":180,"minecraft:chiseled_tuff":3,"minecraft:iron_nugget":27,"minecraft:guster_pottery_sherd":9,"minecraft:sugar_cane":92,"minecraft:chest":6,"minecraft:birch_sapling":1,"minecraft:phantom_membrane":9,"minecraft:egg":1,"minecraft:raw_iron":570,"minecraft:copper_ingot":2,"minecraft:fire_charge":15,"minecraft:flow_pottery_sherd":1,"minecraft:carrot":1,"minecraft:trident":2,"minecraft:redstone":498,"minecraft:iron_horse_armor":1,"minecraft:diamond_chestplate":1,"minecraft:arrow":432,"minecraft:stone_shovel":5,"minecraft:yellow_terracotta":4,"minecraft:gold_ingot":67,"minecraft:tuff_bricks":284,"minecraft:mutton":197,"minecraft:rail":21,"minecraft:white_wool":67,"minecraft:mud_bricks":25,"minecraft:glow_ink_sac":18,"minecraft:salmon":2,"minecraft:leather":116,"minecraft:red_mushroom":49,"minecraft:packed_mud":2,"minecraft:waxed_copper_bulb":1,"minecraft:oak_log":68,"minecraft:waxed_copper_block":32,"minecraft:yellow_glazed_terracotta":10,"minecraft:golden_boots":1,"minecraft:gunpowder":20,"minecraft:cooked_mutton":68,"minecraft:iron_ingot":269,"minecraft:stone_pickaxe":5,"minecraft:cooked_chicken":9,"minecraft:cherry_sign":5,"minecraft:glass_bottle":1,"minecraft:iron_sword":3,"minecraft:soul_sand":78,"minecraft:scaffolding":66,"minecraft:smooth_basalt":3,"minecraft:pumpkin":1,"minecraft:sweet_berries":515,"minecraft:dripstone_block":12,"minecraft:quartz":57,"minecraft:waxed_exposed_copper_bulb":3,"minecraft:dandelion":9,"minecraft:spyglass":5,"minecraft:gravel":138,"minecraft:amethyst_shard":14,"minecraft:spruce_sapling":3,"minecraft:white_bed":1,"minecraft:spruce_log":120,"minecraft:crying_obsidian":16,"minecraft:spider_eye":16,"minecraft:polished_tuff":4,"minecraft:pumpkin_seeds":2,"minecraft:stone_axe":6,"minecraft:iron_helmet":10,"minecraft:diamond_axe":2,"minecraft:cherry_sapling":26,"minecraft:gray_wool":4,"minecraft:chiseled_tuff_bricks":4,"minecraft:baked_potato":10,"minecraft:black_wool":8,"minecraft:melon_seeds":3,"minecraft:coal":424,"minecraft:ender_pearl":9}},"DataVersion":3953}