{"stats":{"minecraft:killed_by":{"minecraft:spider":1},"minecraft:mined":{"minecraft:cherry_log":35,"minecraft:dandelion":2,"minecraft:powder_snow":4,"minecraft:crafting_table":7,"minecraft:torch":11,"minecraft:granite":8,"minecraft:short_grass":34,"minecraft:chest":1,"minecraft:tall_grass":5,"minecraft:cobblestone":10,"minecraft:wall_torch":8,"minecraft:pink_petals":4,"minecraft:furnace":8,"minecraft:iron_ore":54,"minecraft:andesite":3,"minecraft:black_bed":1,"minecraft:oak_log":10,"minecraft:coal_ore":37,"minecraft:cherry_leaves":1,"minecraft:stone":155},"minecraft:killed":{"minecraft:pig":4,"minecraft:spider":2,"minecraft:sheep":5,"minecraft:skeleton":1,"minecraft:zombie":5,"minecraft:chicken":2,"minecraft:cow":1},"minecraft:used":{"minecraft:cooked_mutton":4,"minecraft:stone_pickaxe":281,"minecraft:shield":3,"minecraft:chest":3,"minecraft:wooden_pickaxe":3,"minecraft:iron_sword":31,"minecraft:cooked_chicken":2,"minecraft:iron_chestplate":1,"minecraft:torch":58,"minecraft:mutton":2,"minecraft:crafting_table":9,"minecraft:black_bed":2,"minecraft:granite":3,"minecraft:oak_log":4,"minecraft:wooden_axe":13,"minecraft:iron_axe":10,"minecraft:iron_pickaxe":3,"minecraft:iron_boots":1,"minecraft:stone_axe":27,"minecraft:wooden_sword":38,"minecraft:cobblestone":22,"minecraft:beef":2,"minecraft:furnace":8,"minecraft:cooked_porkchop":3,"minecraft:bucket":1},"minecraft:picked_up":{"minecraft:pink_petals":10,"minecraft:crafting_table":7,"minecraft:feather":3,"minecraft:chicken":2,"minecraft:cherry_planks":8,"minecraft:andesite":3,"minecraft:black_bed":1,"minecraft:brown_wool":1,"minecraft:potato":1,"minecraft:oak_log":8,"minecraft:string":3,"minecraft:wooden_sword":1,"minecraft:wheat_seeds":12,"minecraft:beef":4,"minecraft:chest":1,"minecraft:furnace":8,"minecraft:raw_iron":58,"minecraft:torch":20,"minecraft:dandelion":4,"minecraft:porkchop":8,"minecraft:cherry_log":34,"minecraft:arrow":1,"minecraft:rotten_flesh":5,"minecraft:granite":8,"minecraft:black_wool":3,"minecraft:mutton":6,"minecraft:coal":37,"minecraft:white_wool":2,"minecraft:cobblestone":161},"minecraft:crafted":{"minecraft:cherry_planks":136,"minecraft:wooden_sword":1,"minecraft:oak_planks":16,"minecraft:stone_shovel":1,"minecraft:cooked_porkchop":8,"minecraft:crafting_table":2,"minecraft:wooden_pickaxe":1,"minecraft:cooked_chicken":2,"minecraft:iron_helmet":1,"minecraft:iron_sword":1,"minecraft:furnace":2,"minecraft:bucket":1,"minecraft:stone_axe":1,"minecraft:cooked_mutton":4,"minecraft:air":0,"minecraft:iron_boots":1,"minecraft:iron_chestplate":1,"minecraft:shield":1,"minecraft:iron_axe":1,"minecraft:stick":40,"minecraft:iron_ingot":42,"minecraft:iron_pickaxe":1,"minecraft:stone_pickaxe":3,"minecraft:wooden_axe":1,"minecraft:chest":2,"minecraft:iron_leggings":1,"minecraft:black_bed":1,"minecraft:torch":80},"minecraft:custom":{"minecraft:interact_with_furnace":43,"minecraft:mob_kills":20,"minecraft:interact_with_crafting_table":21,"minecraft:time_since_death":58028,"minecraft:sleep_in_bed":1,"minecraft:time_since_rest":6447,"minecraft:sprint_one_cm":144108,"minecraft:damage_taken":785,"minecraft:walk_one_cm":84639,"minecraft:damage_blocked_by_shield":75,"minecraft:damage_dealt":3025,"minecraft:swim_one_cm":2635,"minecraft:player_kills":1,"minecraft:fly_one_cm":93516,"minecraft:open_chest":11,"minecraft:crouch_one_cm":4659,"minecraft:play_time":69305,"minecraft:deaths":1,"minecraft:sneak_time":1731,"minecraft:walk_under_water_one_cm":102,"minecraft:jump":748,"minecraft:walk_on_water_one_cm":2806,"minecraft:total_world_time":69305,"minecraft:fall_one_cm":19335},"minecraft:broken":{"minecraft:stone_pickaxe":2}},"DataVersion":3953}