{"stats":{"minecraft:used":{"minecraft:pink_petals":9,"minecraft:dirt":6},"minecraft:mined":{"minecraft:pink_petals":4,"minecraft:short_grass":2,"minecraft:grass_block":5,"minecraft:cherry_log":6,"minecraft:cherry_leaves":3,"minecraft:dirt":12},"minecraft:picked_up":{"minecraft:pink_petals":9,"minecraft:cherry_log":6,"minecraft:dirt":15},"minecraft:custom":{"minecraft:jump":94,"minecraft:time_since_rest":21190,"minecraft:damage_taken":55,"minecraft:sprint_one_cm":5384,"minecraft:play_time":21190,"minecraft:time_since_death":21190,"minecraft:walk_one_cm":27194,"minecraft:total_world_time":21190,"minecraft:fall_one_cm":209,"minecraft:fly_one_cm":4629,"minecraft:leave_game":1}},"DataVersion":3953}