{"stats":{"minecraft:used":{"minecraft:iron_pickaxe":34,"minecraft:wooden_pickaxe":23,"minecraft:torch":3,"minecraft:pink_petals":9,"minecraft:dirt":9,"minecraft:cobblestone":3,"minecraft:crafting_table":1},"minecraft:crafted":{"minecraft:oak_planks":12,"minecraft:crafting_table":1,"minecraft:stick":8,"minecraft:wooden_pickaxe":1,"minecraft:iron_pickaxe":1,"minecraft:torch":8,"minecraft:birch_planks":12},"minecraft:custom":{"minecraft:time_since_rest":22629,"minecraft:sprint_one_cm":9772,"minecraft:damage_taken":1802,"minecraft:walk_one_cm":129672,"minecraft:drop":1,"minecraft:damage_dealt":162,"minecraft:interact_with_crafting_table":3,"minecraft:fly_one_cm":13009,"minecraft:open_chest":2,"minecraft:crouch_one_cm":198,"minecraft:play_time":59233,"minecraft:deaths":7,"minecraft:sneak_time":32,"minecraft:jump":228,"minecraft:leave_game":7,"minecraft:time_since_death":22566,"minecraft:climb_one_cm":240,"minecraft:total_world_time":59233,"minecraft:fall_one_cm":3502},"minecraft:picked_up":{"minecraft:birch_log":6,"minecraft:pink_petals":9,"minecraft:andesite":1,"minecraft:torch":4,"minecraft:oak_log":3,"minecraft:cherry_log":12,"minecraft:dirt":45,"minecraft:iron_ingot":20,"minecraft:granite":4,"minecraft:oak_sapling":1,"minecraft:coal":3,"minecraft:cobblestone":38},"minecraft:mined":{"minecraft:pink_petals":4,"minecraft:birch_log":3,"minecraft:cherry_log":10,"minecraft:andesite":2,"minecraft:granite":4,"minecraft:short_grass":6,"minecraft:coal_ore":3,"minecraft:grass_block":6,"minecraft:oak_log":3,"minecraft:cherry_leaves":4,"minecraft:dirt":27,"minecraft:spruce_leaves":1,"minecraft:stone":39,"minecraft:oak_leaves":1,"minecraft:wall_torch":2},"minecraft:dropped":{"minecraft:wooden_pickaxe":1},"minecraft:killed_by":{"minecraft:zombie_villager":1,"minecraft:player":2,"minecraft:skeleton":1,"minecraft:spider":1,"minecraft:zombie":2}},"DataVersion":3953}